[1,["b2pT+afqNHWZxLBcuVzLOb@6c48a"],["_textureSource"],["cc.SpriteFrame"],0,[{"name":"enemy_fast","rect":{"x":169,"y":134,"width":617,"height":677},"offset":{"x":-34.5,"y":39.5},"originalSize":{"width":1024,"height":1024},"rotated":false,"capInsets":[0,0,0,0],"vertices":{"rawPosition":[-308.5,-338.5,0,308.5,-338.5,0,-308.5,338.5,0,308.5,338.5,0],"indexes":[0,1,2,2,1,3],"uv":[169,890,786,890,169,213,786,213],"nuv":[0.1650390625,0.2080078125,0.767578125,0.2080078125,0.1650390625,0.869140625,0.767578125,0.869140625],"minPos":{"x":-308.5,"y":-338.5,"z":0},"maxPos":{"x":308.5,"y":338.5,"z":0}},"packable":true,"pixelsToUnit":100,"pivot":{"x":0.5,"y":0.5},"meshType":0}],[0],0,[0],[0],[0]]
