[1,["3faAS1P91KH5mr9rfrYMoT@6c48a"],["_textureSource"],["cc.SpriteFrame"],0,[{"name":"enemy_tank","rect":{"x":79,"y":73,"width":854,"height":898},"offset":{"x":-6,"y":-10},"originalSize":{"width":1024,"height":1024},"rotated":false,"capInsets":[0,0,0,0],"vertices":{"rawPosition":[-427,-449,0,427,-449,0,-427,449,0,427,449,0],"indexes":[0,1,2,2,1,3],"uv":[79,951,933,951,79,53,933,53],"nuv":[0.0771484375,0.0517578125,0.9111328125,0.0517578125,0.0771484375,0.9287109375,0.9111328125,0.9287109375],"minPos":{"x":-427,"y":-449,"z":0},"maxPos":{"x":427,"y":449,"z":0}},"packable":true,"pixelsToUnit":100,"pivot":{"x":0.5,"y":0.5},"meshType":0}],[0],0,[0],[0],[0]]
