[1,["95dcJLg/RESbY51spjwmT4@6c48a"],["_textureSource"],["cc.SpriteFrame"],0,[{"name":"enemy_normal","rect":{"x":236,"y":392,"width":1526,"height":1335},"offset":{"x":-25,"y":-35.5},"originalSize":{"width":2048,"height":2048},"rotated":false,"capInsets":[0,0,0,0],"vertices":{"rawPosition":[-763,-667.5,0,763,-667.5,0,-763,667.5,0,763,667.5,0],"indexes":[0,1,2,2,1,3],"uv":[236,1656,1762,1656,236,321,1762,321],"nuv":[0.115234375,0.15673828125,0.8603515625,0.15673828125,0.115234375,0.80859375,0.8603515625,0.80859375],"minPos":{"x":-763,"y":-667.5,"z":0},"maxPos":{"x":763,"y":667.5,"z":0}},"packable":true,"pixelsToUnit":100,"pivot":{"x":0.5,"y":0.5},"meshType":0}],[0],0,[0],[0],[0]]
