[1,["5aw7VaRLlPiKy7Umd5YLaH@6c48a"],["_textureSource"],["cc.SpriteFrame"],0,[{"name":"tower_gj","rect":{"x":106,"y":55,"width":626,"height":692},"offset":{"x":19,"y":-8},"originalSize":{"width":800,"height":786},"rotated":false,"capInsets":[0,0,0,0],"vertices":{"rawPosition":[-313,-346,0,313,-346,0,-313,346,0,313,346,0],"indexes":[0,1,2,2,1,3],"uv":[106,731,732,731,106,39,732,39],"nuv":[0.1325,0.04961832061068702,0.915,0.04961832061068702,0.1325,0.9300254452926209,0.915,0.9300254452926209],"minPos":{"x":-313,"y":-346,"z":0},"maxPos":{"x":313,"y":346,"z":0}},"packable":true,"pixelsToUnit":100,"pivot":{"x":0.5,"y":0.5},"meshType":0}],[0],0,[0],[0],[0]]
