[1,["78rgrEQyRAzqFxC06cIKwe@6c48a"],["_textureSource"],["cc.SpriteFrame"],0,[{"name":"tower_hp","rect":{"x":387,"y":325,"width":1372,"height":1426},"offset":{"x":49,"y":-14},"originalSize":{"width":2048,"height":2048},"rotated":false,"capInsets":[0,0,0,0],"vertices":{"rawPosition":[-686,-713,0,686,-713,0,-686,713,0,686,713,0],"indexes":[0,1,2,2,1,3],"uv":[387,1723,1759,1723,387,297,1759,297],"nuv":[0.18896484375,0.14501953125,0.85888671875,0.14501953125,0.18896484375,0.84130859375,0.85888671875,0.84130859375],"minPos":{"x":-686,"y":-713,"z":0},"maxPos":{"x":686,"y":713,"z":0}},"packable":true,"pixelsToUnit":100,"pivot":{"x":0.5,"y":0.5},"meshType":0}],[0],0,[0],[0],[0]]
