[1,["69WtS+82tMrYBpmG0yNpFY","20g1ukYUVPvKWKBRznAKo+@f9941","89s4z0iU9LfYNyMjJk6qtR","cfmbYDGuJD4KK3rCennk6h","d90mLL+4VDiLIx5L/dKpt1@f9941","20g1ukYUVPvKWKBRznAKo+@6c48a","54TknWPwVPqJqeCR+Y/Czo@f9941","95EkngnxZFbYuFpsqVTaFr@f9941","49GALDvPtC6IUL3+8HvxgY@6c48a","54TknWPwVPqJqeCR+Y/Czo@6c48a","57NJIOJxNOOY9vWxYn+x7c@6c48a","a4P3Tv+fZGdLXZBsmsKNk1@f9941","49GALDvPtC6IUL3+8HvxgY@f9941","c1RJaye1xN95eDu69oTaJp@f9941","57NJIOJxNOOY9vWxYn+x7c@f9941","95EkngnxZFbYuFpsqVTaFr@6c48a","a4P3Tv+fZGdLXZBsmsKNk1@6c48a","c1RJaye1xN95eDu69oTaJp@6c48a","79vMSmubJIypxdRNaHsjYq@f9941","59P53DOtRJhYkuJ3cOr0Z4","d90mLL+4VDiLIx5L/dKpt1@6c48a"],["targetInfo","root","asset","node","_textureSource","_spriteFrame","data","_parent","enemyPrefab","towerPrefab","_cameraComponent","mainCamera","resetButton","canvas","_target","scene","tilePrefab","_normalSprite","_hoverSprite","_pressedSprite","_disabledSprite","grassImg","dirtImg","rockImg","bodySprite","hpLabel","hpFillBar","levelLabel","bulletPrefab"],[["cc.Node",["_name","_layer","_active","_objFlags","_id","__editorExtras__","_components","_parent","_prefab","_children","_lpos","_lscale"],-3,9,1,4,2,5,5],"cc.SpriteFrame",["cc.UITransform",["node","__prefab","_contentSize","_anchorPoint"],3,1,4,5,5],["cc.Sprite",["_sizeMode","_type","node","_spriteFrame","__prefab","_color"],1,1,6,4,5],["cc.Label",["_actualFontSize","_fontSize","_string","_overflow","_enableWrapText","_enableOutline","node","__prefab","_color"],-3,1,4,5],["cc.Node",["_name","_layer","_components","_prefab","_parent","_children","_lpos"],1,12,4,1,2,5],["cc.SceneAsset",["_name"],2],["cc.Node",["_name","_layer","_parent","_components","_lpos"],1,1,2,5],["c1d8cvYX7tDU7XjqSLQtzDr",["node","tilePrefab"],3,1,6],["cc.Canvas",["node","_cameraComponent"],3,1,1],["cc.Widget",["_alignFlags","node"],2,1],["58e2fMnuN1I9ZsDxPPrcPbu",["node","mainCamera","towerPrefab"],3,1,1,6],["c6a63J3FxhH4IS87k0d1T3X",["node","resetButton"],3,1,1],["b6ac5B0nRdOhInoMfv2lL7d",["node","canvas"],3,1,1],["95fc0OOskFODK94Cu1wfXu9",["node","towerPrefab"],3,1,6],["40a74Nu3FNFnJlyUdOmLjFf",["node","enemyPrefab"],3,1,6],["4cca91livJKKr2sc3k4DvoY",["node"],3,1],["cc.Button",["_transition","node","clickEvents","_normalColor","_target","_normalSprite","_hoverSprite","_pressedSprite","_disabledSprite"],2,1,9,5,1,6,6,6,6],["cc.ClickEvent",["_componentId","handler","target"],1,1],["cc.Camera",["_projection","_orthoHeight","_near","_far","_visibility","_color"],-2,5],["cc.PrefabInfo",["fileId","targetOverrides","nestedPrefabInstanceRoots","root","instance","asset"],0,1,4,6],["cc.PrefabInfo",["root","asset","fileId","instance","targetOverrides","nestedPrefabInstanceRoots"],-2,2],["cc.PrefabInfo",["fileId","instance","targetOverrides","nestedPrefabInstanceRoots","root","asset"],-1,1,1],["cc.PrefabInstance",["fileId","prefabRootNode","propertyOverrides"],1,9],["CCPropertyOverrideInfo",["propertyPath","targetInfo","value"],2,1,8],["CCPropertyOverrideInfo",["value","propertyPath","targetInfo"],1,1],["CCPropertyOverrideInfo",["propertyPath","targetInfo","value"],2,4,8],["CCPropertyOverrideInfo",["value","propertyPath","targetInfo"],1,4],["cc.TargetInfo",["localID"],2],["025f6QPXHZIeb2Cxen2lpPg",["node","waveLabel","enemyPrefab"],3,1,4,6],["cc.Scene",["_name","_children","_prefab","_globals"],2,2,4,4],["cc.SceneGlobals",["ambient","shadows","_skybox","fog","octree","skin","lightProbeInfo","postSettings"],3,4,4,4,4,4,4,4,4],["cc.AmbientInfo",["_skyColorHDR","_groundAlbedoHDR"],3,5,5],["cc.ShadowsInfo",["_shadowColor","_size"],3,5,5],["cc.SkyboxInfo",[],3],["cc.FogInfo",[],3],["cc.OctreeInfo",[],3],["cc.SkinInfo",["_enabled"],2],["cc.LightProbeInfo",[],3],["cc.PostSettingsInfo",[],3],["cc.Prefab",["_name"],2],["cc.CompPrefabInfo",["fileId"],2],["0edb43CQZ5FwoUCAtBQQ4rv",["node","__prefab"],3,1,4],["b4b4d6RUK5LgL1fUSHgF46Z",["type","node","__prefab","grassImg","dirtImg","rockImg"],2,1,4,6,6,6],["8e81e2IdtJDrKVkWd7iLjpn",["node","__prefab","hpFillBar","hpLabel","bodySprite"],3,1,4,1,1,1],["b01cclZ9oNEy41ADiCpQpwJ",["node","__prefab","levelLabel","bulletPrefab"],3,1,4,1,6]],[[28,0,2],[0,3,5,7,8,3],[20,0,1,2,3,4,5,4],[23,0,1,2,3],[26,0,1,2,2],[27,0,1,2,3],[25,0,1,2,3],[24,0,1,2,2],[41,0,2],[22,0,1,2,3,4,5,5],[2,0,1,2,1],[40,0,2],[2,0,2,1],[3,0,2,4,5,3,2],[0,0,1,7,6,8,10,3],[2,0,1],[3,0,2,4,3,2],[6,0,2],[0,0,1,9,6,3],[0,0,1,4,9,6,10,4],[0,0,2,1,7,9,6,4],[0,0,2,1,7,6,10,4],[0,0,3,1,7,6,4],[0,0,1,6,8,10,3],[0,0,1,9,6,8,10,3],[0,0,1,7,6,8,3],[0,0,1,7,9,6,8,10,3],[0,0,1,9,6,8,11,3],[7,0,1,2,3,4,3],[5,0,1,5,2,3,3],[5,0,1,4,2,3,3],[5,0,1,4,2,3,6,3],[2,0,1,2,3,1],[2,0,1,3,1],[2,0,1,1],[8,0,1,1],[9,0,1,1],[10,0,1,2],[11,0,1,2,1],[12,0,1,1],[13,0,1,1],[14,0,1,1],[15,0,1,1],[16,0,1],[3,1,0,2,3,3],[3,1,0,2,4,3,3],[3,0,2,4,2],[17,0,1,2,3,4,5,6,7,8,2],[18,0,1,2,3],[19,0,1,2,3,4,5,6],[21,0,1,2,3,4,5,6],[29,0,1,2,1],[4,2,0,1,4],[4,2,0,1,3,4,6,8,6],[4,2,0,1,5,6,7,5],[4,0,1,3,4,6,7,5],[30,0,1,2,3,2],[31,0,1,2,3,4,5,6,7,1],[32,0,1,1],[33,0,1,1],[34,1],[35,1],[36,1],[37,0,2],[38,1],[39,1],[42,0,1,1],[43,0,1,2,3,4,5,2],[44,0,1,2,3,4,1],[45,0,1,2,3,1]],[[[{"name":"default_btn_normal","rect":{"x":0,"y":0,"width":40,"height":40},"offset":{"x":0,"y":0},"originalSize":{"width":40,"height":40},"rotated":false,"capInsets":[12,12,12,12],"vertices":{"rawPosition":[-20,-20,0,20,-20,0,-20,20,0,20,20,0],"indexes":[0,1,2,2,1,3],"uv":[0,40,40,40,0,0,40,0],"nuv":[0,0,1,0,0,1,1,1],"minPos":{"x":-20,"y":-20,"z":0},"maxPos":{"x":20,"y":20,"z":0}},"packable":true,"pixelsToUnit":100,"pivot":{"x":0.5,"y":0.5},"meshType":0}],[1],0,[0],[4],[5]],[[[17,"Game"],[18,"GridMap",33554432,[-3,-4,-5,-6,-7,-8,-9,-10,-11,-12,-13,-14,-15,-16,-17,-18,-19,-20,-21,-22,-23,-24,-25,-26,-27,-28,-29,-30,-31,-32,-33,-34,-35,-36,-37,-38,-39,-40,-41,-42,-43,-44,-45,-46,-47,-48,-49,-50,-51,-52,-53,-54,-55,-56,-57,-58,-59,-60,-61,-62,-63,-64,-65,-66,-67,-68,-69,-70,-71,-72,-73,-74,-75,-76,-77,-78,-79,-80,-81,-82,-83,-84,-85,-86,-87,-88,-89,-90,-91,-92,-93,-94,-95,-96,-97,-98,-99,-100,-101,-102,-103,-104,-105,-106,-107,-108,-109,-110,-111,-112,-113,-114,-115,-116,-117,-118,-119,-120,-121,-122,-123,-124,-125,-126,-127,-128,-129,-130,-131,-132,-133,-134,-135,-136,-137,-138,-139,-140,-141,-142,-143,-144,-145,-146,-147,-148,-149,-150,-151,-152,-153,-154,-155,-156,-157,-158,-159,-160,-161,-162,-163,-164,-165,-166,-167,-168,-169,-170,-171,-172,-173,-174,-175,-176,-177,-178,-179,-180,-181,-182],[[15,-1],[35,-2,180]]],[19,"Canvas",33554432,"61Fq1MEQ5E37Zm8PXA6Z2j",[-196,1,-197,-198],[[12,-183,[5,750,1334]],[36,-185,-184],[37,45,-186],[38,-188,-187,187],[39,-190,-189],[40,-192,-191],[41,-193,188],[42,-194,189],[43,-195]],[1,375,667,0]],[20,"ResetButton",false,33554432,2,[-203],[[12,-199,[5,100,40]],[44,1,0,-200,182],[47,2,-202,[[48,"c6a63J3FxhH4IS87k0d1T3X","onResetClick",2]],[4,4292269782],-201,183,184,185,186]]],[49,0,667,0.1,2000,1108344832,[4,4281353786]],[1,0,{},1,[2,"b66QQLZjVLfaklbbpH5yoq",null,null,-208,[3,"bfcO5OJMlE5qQhHgdDKr5I",null,[[7,["_lpos"],-204,[1,-337.5,-637.5,0]],[6,0,["type"],-205],[6,0,["_type"],-206],[7,["_lscale"],-207,[1,1,1,1]]]],0]],[1,0,{},1,[2,"b66QQLZjVLfaklbbpH5yoq",null,null,-213,[3,"23C9gLoV9Fa4iHfs9mdlY8",null,[[7,["_lpos"],-209,[1,-262.5,-637.5,0]],[6,0,["type"],-210],[6,0,["_type"],-211],[7,["_lscale"],-212,[1,1,1,1]]]],1]],[1,0,{},1,[2,"b66QQLZjVLfaklbbpH5yoq",null,null,-218,[3,"73bLiMw2pGSbfdlKeJmhbg",null,[[7,["_lpos"],-214,[1,-187.5,-637.5,0]],[6,0,["type"],-215],[6,0,["_type"],-216],[7,["_lscale"],-217,[1,1,1,1]]]],2]],[1,0,{},1,[2,"b66QQLZjVLfaklbbpH5yoq",null,null,-223,[3,"62p5bo9uZCe75O+wt34/xD",null,[[7,["_lpos"],-219,[1,-112.5,-637.5,0]],[6,0,["type"],-220],[6,0,["_type"],-221],[7,["_lscale"],-222,[1,1,1,1]]]],3]],[1,0,{},1,[2,"b66QQLZjVLfaklbbpH5yoq",null,null,-228,[3,"a96gUSPUtCKJkcc+MkY8Ad",null,[[7,["_lpos"],-224,[1,-37.5,-637.5,0]],[6,0,["type"],-225],[6,0,["_type"],-226],[7,["_lscale"],-227,[1,1,1,1]]]],4]],[1,0,{},1,[2,"b66QQLZjVLfaklbbpH5yoq",null,null,-233,[3,"f9YLqLFE5HJryomn/REWH7",null,[[7,["_lpos"],-229,[1,37.5,-637.5,0]],[6,0,["type"],-230],[6,0,["_type"],-231],[7,["_lscale"],-232,[1,1,1,1]]]],5]],[1,0,{},1,[2,"b66QQLZjVLfaklbbpH5yoq",null,null,-238,[3,"83Vi5qAEFEXphJwuZ4C1T5",null,[[7,["_lpos"],-234,[1,112.5,-637.5,0]],[6,0,["type"],-235],[6,0,["_type"],-236],[7,["_lscale"],-237,[1,1,1,1]]]],6]],[1,0,{},1,[2,"b66QQLZjVLfaklbbpH5yoq",null,null,-243,[3,"47f8lAsGlL8a2CRcGvTZcM",null,[[7,["_lpos"],-239,[1,187.5,-637.5,0]],[6,0,["type"],-240],[6,0,["_type"],-241],[7,["_lscale"],-242,[1,1,1,1]]]],7]],[1,0,{},1,[2,"b66QQLZjVLfaklbbpH5yoq",null,null,-248,[3,"47ncqf8L5PRZ1/wWTIkSMa",null,[[7,["_lpos"],-244,[1,262.5,-637.5,0]],[6,0,["type"],-245],[6,0,["_type"],-246],[7,["_lscale"],-247,[1,1,1,1]]]],8]],[1,0,{},1,[2,"b66QQLZjVLfaklbbpH5yoq",null,null,-253,[3,"47JL180e5Oa4PotyDJJ78H",null,[[7,["_lpos"],-249,[1,337.5,-637.5,0]],[6,0,["type"],-250],[6,0,["_type"],-251],[7,["_lscale"],-252,[1,1,1,1]]]],9]],[1,0,{},1,[2,"b66QQLZjVLfaklbbpH5yoq",null,null,-258,[3,"87JWZQSX9NwaZG31ZEwAAA",null,[[7,["_lpos"],-254,[1,-337.5,-562.5,0]],[6,0,["type"],-255],[6,0,["_type"],-256],[7,["_lscale"],-257,[1,1,1,1]]]],10]],[1,0,{},1,[2,"b66QQLZjVLfaklbbpH5yoq",null,null,-263,[3,"1dRQq3RiNAGandzR0KlmpP",null,[[7,["_lpos"],-259,[1,-262.5,-562.5,0]],[6,0,["type"],-260],[6,0,["_type"],-261],[7,["_lscale"],-262,[1,1,1,1]]]],11]],[1,0,{},1,[2,"b66QQLZjVLfaklbbpH5yoq",null,null,-268,[3,"10hRNJNpBP25ELX/2otblH",null,[[7,["_lpos"],-264,[1,-187.5,-562.5,0]],[6,0,["type"],-265],[6,0,["_type"],-266],[7,["_lscale"],-267,[1,1,1,1]]]],12]],[1,0,{},1,[2,"b66QQLZjVLfaklbbpH5yoq",null,null,-273,[3,"00x2agOw9MUrDcPXVAX38j",null,[[7,["_lpos"],-269,[1,-112.5,-562.5,0]],[6,0,["type"],-270],[6,0,["_type"],-271],[7,["_lscale"],-272,[1,1,1,1]]]],13]],[1,0,{},1,[2,"b66QQLZjVLfaklbbpH5yoq",null,null,-278,[3,"2474lkE5RGALah5spvn1Mw",null,[[7,["_lpos"],-274,[1,-37.5,-562.5,0]],[6,0,["type"],-275],[6,0,["_type"],-276],[7,["_lscale"],-277,[1,1,1,1]]]],14]],[1,0,{},1,[2,"b66QQLZjVLfaklbbpH5yoq",null,null,-283,[3,"544eUO+AlNV4yuNlWYwFQR",null,[[7,["_lpos"],-279,[1,37.5,-562.5,0]],[6,0,["type"],-280],[6,0,["_type"],-281],[7,["_lscale"],-282,[1,1,1,1]]]],15]],[1,0,{},1,[2,"b66QQLZjVLfaklbbpH5yoq",null,null,-288,[3,"d8QS2q7xZN4aVdqNRGwX15",null,[[7,["_lpos"],-284,[1,112.5,-562.5,0]],[6,0,["type"],-285],[6,0,["_type"],-286],[7,["_lscale"],-287,[1,1,1,1]]]],16]],[1,0,{},1,[2,"b66QQLZjVLfaklbbpH5yoq",null,null,-293,[3,"09Y7wUG8tNBo/KIPcTUrZ+",null,[[7,["_lpos"],-289,[1,187.5,-562.5,0]],[6,0,["type"],-290],[6,0,["_type"],-291],[7,["_lscale"],-292,[1,1,1,1]]]],17]],[1,0,{},1,[2,"b66QQLZjVLfaklbbpH5yoq",null,null,-298,[3,"3eP0opitFB1LhRDNJc44B6",null,[[7,["_lpos"],-294,[1,262.5,-562.5,0]],[6,0,["type"],-295],[6,0,["_type"],-296],[7,["_lscale"],-297,[1,1,1,1]]]],18]],[1,0,{},1,[2,"b66QQLZjVLfaklbbpH5yoq",null,null,-303,[3,"f8euzRBZFGr4jXobmCvQo3",null,[[7,["_lpos"],-299,[1,337.5,-562.5,0]],[6,0,["type"],-300],[6,0,["_type"],-301],[7,["_lscale"],-302,[1,1,1,1]]]],19]],[1,0,{},1,[2,"b66QQLZjVLfaklbbpH5yoq",null,null,-304,[3,"b4y+fQUWVM7K5bjX/qzx47",null,[[4,["_lpos"],[0,["b66QQLZjVLfaklbbpH5yoq"]],[1,-337.5,-487.5,0]],[5,2,["type"],[0,["05qok3RCFHjoYhCv3IysyH"]]]]],20]],[1,0,{},1,[2,"b66QQLZjVLfaklbbpH5yoq",null,null,-305,[3,"4daoSKqitDtIH+yTLB7v8+",null,[[4,["_lpos"],[0,["b66QQLZjVLfaklbbpH5yoq"]],[1,-262.5,-487.5,0]],[5,2,["type"],[0,["05qok3RCFHjoYhCv3IysyH"]]]]],21]],[1,0,{},1,[2,"b66QQLZjVLfaklbbpH5yoq",null,null,-306,[3,"acT/zj3ntF55XlHU7bGuls",null,[[4,["_lpos"],[0,["b66QQLZjVLfaklbbpH5yoq"]],[1,-187.5,-487.5,0]],[5,2,["type"],[0,["05qok3RCFHjoYhCv3IysyH"]]]]],22]],[1,0,{},1,[2,"b66QQLZjVLfaklbbpH5yoq",null,null,-307,[3,"f7s+EUefZBurZ0h/EabGYN",null,[[4,["_lpos"],[0,["b66QQLZjVLfaklbbpH5yoq"]],[1,-112.5,-487.5,0]],[5,2,["type"],[0,["05qok3RCFHjoYhCv3IysyH"]]]]],23]],[1,0,{},1,[2,"b66QQLZjVLfaklbbpH5yoq",null,null,-308,[3,"cebu2zVBNAqb0R7EAB9qzC",null,[[4,["_lpos"],[0,["b66QQLZjVLfaklbbpH5yoq"]],[1,-37.5,-487.5,0]],[5,2,["type"],[0,["05qok3RCFHjoYhCv3IysyH"]]]]],24]],[1,0,{},1,[2,"b66QQLZjVLfaklbbpH5yoq",null,null,-309,[3,"e8TwD8L4BMmJ4XP6edbjIX",null,[[4,["_lpos"],[0,["b66QQLZjVLfaklbbpH5yoq"]],[1,37.5,-487.5,0]],[5,2,["type"],[0,["05qok3RCFHjoYhCv3IysyH"]]]]],25]],[1,0,{},1,[2,"b66QQLZjVLfaklbbpH5yoq",null,null,-310,[3,"1dXyQ6jWBNwb8W5Tz27aFk",null,[[4,["_lpos"],[0,["b66QQLZjVLfaklbbpH5yoq"]],[1,112.5,-487.5,0]],[5,2,["type"],[0,["05qok3RCFHjoYhCv3IysyH"]]]]],26]],[1,0,{},1,[2,"b66QQLZjVLfaklbbpH5yoq",null,null,-311,[3,"05sdQaNUlGBKfh6DfhnJ+e",null,[[4,["_lpos"],[0,["b66QQLZjVLfaklbbpH5yoq"]],[1,187.5,-487.5,0]],[5,2,["type"],[0,["05qok3RCFHjoYhCv3IysyH"]]]]],27]],[1,0,{},1,[2,"b66QQLZjVLfaklbbpH5yoq",null,null,-315,[3,"4fbmrFB5xK/qh2UqLk8HSO",null,[[7,["_lpos"],-312,[1,262.5,-487.5,0]],[6,"Tile_2_8",["_name"],-313],[5,1,["type"],[0,["05qok3RCFHjoYhCv3IysyH"]]],[7,["_lscale"],-314,[1,0.96,0.96,1]]]],28]],[0,["b66QQLZjVLfaklbbpH5yoq"]],[1,0,{},1,[2,"b66QQLZjVLfaklbbpH5yoq",null,null,-320,[3,"42sg+vkKBIZb/XN63Ptu3g",null,[[7,["_lpos"],-316,[1,337.5,-487.5,0]],[6,4,["type"],-317],[6,4,["_type"],-318],[7,["_lscale"],-319,[1,0.96,0.96,1]]]],29]],[1,0,{},1,[2,"b66QQLZjVLfaklbbpH5yoq",null,null,-321,[3,"3fXupRbbdCpY3OVkVeKhb8",null,[[4,["_lpos"],[0,["b66QQLZjVLfaklbbpH5yoq"]],[1,-337.5,-412.5,0]],[5,2,["type"],[0,["05qok3RCFHjoYhCv3IysyH"]]]]],30]],[1,0,{},1,[2,"b66QQLZjVLfaklbbpH5yoq",null,null,-324,[3,"f1dLlq8DlJDYI3HVq6LSjw",null,[[4,["_lpos"],[0,["b66QQLZjVLfaklbbpH5yoq"]],[1,-262.5,-412.5,0]],[6,"Tile_3_1",["_name"],-322],[5,1,["type"],[0,["05qok3RCFHjoYhCv3IysyH"]]],[7,["_lscale"],-323,[1,0.96,0.96,1]]]],31]],[1,0,{},1,[2,"b66QQLZjVLfaklbbpH5yoq",null,null,-328,[3,"009cH0MSxPvqJMyZa+902d",null,[[7,["_lpos"],-325,[1,-187.5,-412.5,0]],[6,"Tile_3_2",["_name"],-326],[5,1,["type"],[0,["05qok3RCFHjoYhCv3IysyH"]]],[7,["_lscale"],-327,[1,0.96,0.96,1]]]],32]],[0,["b66QQLZjVLfaklbbpH5yoq"]],[1,0,{},1,[2,"b66QQLZjVLfaklbbpH5yoq",null,null,-332,[3,"029I3JGfpI2LxnAg+iUCEK",null,[[7,["_lpos"],-329,[1,-112.5,-412.5,0]],[6,"Tile_3_3",["_name"],-330],[5,1,["type"],[0,["05qok3RCFHjoYhCv3IysyH"]]],[7,["_lscale"],-331,[1,0.96,0.96,1]]]],33]],[0,["b66QQLZjVLfaklbbpH5yoq"]],[1,0,{},1,[2,"b66QQLZjVLfaklbbpH5yoq",null,null,-336,[3,"70RubtoGpFdKhdNcC7WHO7",null,[[7,["_lpos"],-333,[1,-37.5,-412.5,0]],[6,"Tile_3_4",["_name"],-334],[5,1,["type"],[0,["05qok3RCFHjoYhCv3IysyH"]]],[7,["_lscale"],-335,[1,0.96,0.96,1]]]],34]],[0,["b66QQLZjVLfaklbbpH5yoq"]],[1,0,{},1,[2,"b66QQLZjVLfaklbbpH5yoq",null,null,-337,[3,"dep0uUBI1OwrjX0WctjG/r",null,[[4,["_lpos"],[0,["b66QQLZjVLfaklbbpH5yoq"]],[1,37.5,-412.5,0]],[5,2,["type"],[0,["05qok3RCFHjoYhCv3IysyH"]]]]],35]],[1,0,{},1,[2,"b66QQLZjVLfaklbbpH5yoq",null,null,-341,[3,"3cBzDsdhdAZIk1UXZehVX/",null,[[7,["_lpos"],-338,[1,112.5,-412.5,0]],[6,"Tile_3_6",["_name"],-339],[5,1,["type"],[0,["05qok3RCFHjoYhCv3IysyH"]]],[7,["_lscale"],-340,[1,0.96,0.96,1]]]],36]],[0,["b66QQLZjVLfaklbbpH5yoq"]],[1,0,{},1,[2,"b66QQLZjVLfaklbbpH5yoq",null,null,-345,[3,"97GDCU8Z9G/7nzRy12BfXO",null,[[7,["_lpos"],-342,[1,187.5,-412.5,0]],[6,"Tile_3_7",["_name"],-343],[5,1,["type"],[0,["05qok3RCFHjoYhCv3IysyH"]]],[7,["_lscale"],-344,[1,0.96,0.96,1]]]],37]],[0,["b66QQLZjVLfaklbbpH5yoq"]],[1,0,{},1,[2,"b66QQLZjVLfaklbbpH5yoq",null,null,-349,[3,"46pFvBW3BDIpc7YSsUcT3o",null,[[7,["_lpos"],-346,[1,262.5,-412.5,0]],[6,"Tile_3_8",["_name"],-347],[5,1,["type"],[0,["05qok3RCFHjoYhCv3IysyH"]]],[7,["_lscale"],-348,[1,0.96,0.96,1]]]],38]],[0,["b66QQLZjVLfaklbbpH5yoq"]],[1,0,{},1,[2,"b66QQLZjVLfaklbbpH5yoq",null,null,-350,[3,"6e8BMIuURE6ofogEpAg0BQ",null,[[4,["_lpos"],[0,["b66QQLZjVLfaklbbpH5yoq"]],[1,337.5,-412.5,0]],[5,2,["type"],[0,["05qok3RCFHjoYhCv3IysyH"]]]]],39]],[1,0,{},1,[2,"b66QQLZjVLfaklbbpH5yoq",null,null,-351,[3,"ca+Mn8erVNsaHXRbh6LZXe",null,[[4,["_lpos"],[0,["b66QQLZjVLfaklbbpH5yoq"]],[1,-337.5,-337.5,0]],[5,2,["type"],[0,["05qok3RCFHjoYhCv3IysyH"]]]]],40]],[1,0,{},1,[2,"b66QQLZjVLfaklbbpH5yoq",null,null,-354,[3,"fe7E+2lp5CSpENWPJOfaAn",null,[[4,["_lpos"],[0,["b66QQLZjVLfaklbbpH5yoq"]],[1,-262.5,-337.5,0]],[6,"Tile_4_1",["_name"],-352],[5,1,["type"],[0,["05qok3RCFHjoYhCv3IysyH"]]],[7,["_lscale"],-353,[1,0.96,0.96,1]]]],41]],[1,0,{},1,[2,"b66QQLZjVLfaklbbpH5yoq",null,null,-355,[3,"ffkIF43fdIAqS9swZBbJmc",null,[[4,["_lpos"],[0,["b66QQLZjVLfaklbbpH5yoq"]],[1,-187.5,-337.5,0]],[5,2,["type"],[0,["05qok3RCFHjoYhCv3IysyH"]]]]],42]],[1,0,{},1,[2,"b66QQLZjVLfaklbbpH5yoq",null,null,-356,[3,"72gMJQp+JJLq/QEKaMOOfi",null,[[4,["_lpos"],[0,["b66QQLZjVLfaklbbpH5yoq"]],[1,-112.5,-337.5,0]],[5,2,["type"],[0,["05qok3RCFHjoYhCv3IysyH"]]]]],43]],[1,0,{},1,[2,"b66QQLZjVLfaklbbpH5yoq",null,null,-360,[3,"8cHZSgcg9Hjr2pudtbFz99",null,[[7,["_lpos"],-357,[1,-37.5,-337.5,0]],[6,"Tile_4_4",["_name"],-358],[5,1,["type"],[0,["05qok3RCFHjoYhCv3IysyH"]]],[7,["_lscale"],-359,[1,0.96,0.96,1]]]],44]],[0,["b66QQLZjVLfaklbbpH5yoq"]],[1,0,{},1,[2,"b66QQLZjVLfaklbbpH5yoq",null,null,-361,[3,"64037rT9pIGK6xAPnq1rEI",null,[[4,["_lpos"],[0,["b66QQLZjVLfaklbbpH5yoq"]],[1,37.5,-337.5,0]],[5,2,["type"],[0,["05qok3RCFHjoYhCv3IysyH"]]]]],45]],[1,0,{},1,[2,"b66QQLZjVLfaklbbpH5yoq",null,null,-365,[3,"fcPbb4kOJA169qcgROeCI8",null,[[7,["_lpos"],-362,[1,112.5,-337.5,0]],[6,"Tile_4_6",["_name"],-363],[5,1,["type"],[0,["05qok3RCFHjoYhCv3IysyH"]]],[7,["_lscale"],-364,[1,0.96,0.96,1]]]],46]],[0,["b66QQLZjVLfaklbbpH5yoq"]],[1,0,{},1,[2,"b66QQLZjVLfaklbbpH5yoq",null,null,-366,[3,"eapPwIrPlGwax/OmZlYCLQ",null,[[4,["_lpos"],[0,["b66QQLZjVLfaklbbpH5yoq"]],[1,187.5,-337.5,0]],[5,2,["type"],[0,["05qok3RCFHjoYhCv3IysyH"]]]]],47]],[1,0,{},1,[2,"b66QQLZjVLfaklbbpH5yoq",null,null,-367,[3,"a2bmy74ShGO4deWKs4Bv8z",null,[[4,["_lpos"],[0,["b66QQLZjVLfaklbbpH5yoq"]],[1,262.5,-337.5,0]],[5,2,["type"],[0,["05qok3RCFHjoYhCv3IysyH"]]]]],48]],[1,0,{},1,[2,"b66QQLZjVLfaklbbpH5yoq",null,null,-368,[3,"cclaJgnedL87mcOo8rjBAe",null,[[4,["_lpos"],[0,["b66QQLZjVLfaklbbpH5yoq"]],[1,337.5,-337.5,0]],[5,2,["type"],[0,["05qok3RCFHjoYhCv3IysyH"]]]]],49]],[1,0,{},1,[2,"b66QQLZjVLfaklbbpH5yoq",null,null,-369,[3,"32qgjGLkxKbbozzgNDvJRL",null,[[4,["_lpos"],[0,["b66QQLZjVLfaklbbpH5yoq"]],[1,-337.5,-262.5,0]],[5,2,["type"],[0,["05qok3RCFHjoYhCv3IysyH"]]]]],50]],[1,0,{},1,[2,"b66QQLZjVLfaklbbpH5yoq",null,null,-372,[3,"63qALIGN9Bw6/Dys36m3JA",null,[[4,["_lpos"],[0,["b66QQLZjVLfaklbbpH5yoq"]],[1,-262.5,-262.5,0]],[6,"Tile_5_1",["_name"],-370],[5,1,["type"],[0,["05qok3RCFHjoYhCv3IysyH"]]],[7,["_lscale"],-371,[1,0.96,0.96,1]]]],51]],[1,0,{},1,[2,"b66QQLZjVLfaklbbpH5yoq",null,null,-373,[3,"107p0i9s5MJ5AIcUQOlj9W",null,[[4,["_lpos"],[0,["b66QQLZjVLfaklbbpH5yoq"]],[1,-187.5,-262.5,0]],[5,2,["type"],[0,["05qok3RCFHjoYhCv3IysyH"]]]]],52]],[1,0,{},1,[2,"b66QQLZjVLfaklbbpH5yoq",null,null,-374,[3,"dcPmyrVMlDf4m/CfYYAH2m",null,[[4,["_lpos"],[0,["b66QQLZjVLfaklbbpH5yoq"]],[1,-112.5,-262.5,0]],[5,2,["type"],[0,["05qok3RCFHjoYhCv3IysyH"]]]]],53]],[1,0,{},1,[2,"b66QQLZjVLfaklbbpH5yoq",null,null,-378,[3,"e8iWn4eLtIc6vpXDMHSVSE",null,[[7,["_lpos"],-375,[1,-37.5,-262.5,0]],[6,"Tile_5_4",["_name"],-376],[5,1,["type"],[0,["05qok3RCFHjoYhCv3IysyH"]]],[7,["_lscale"],-377,[1,0.96,0.96,1]]]],54]],[0,["b66QQLZjVLfaklbbpH5yoq"]],[1,0,{},1,[2,"b66QQLZjVLfaklbbpH5yoq",null,null,-382,[3,"73bnKmRYhA2Z8Wr8vGmvil",null,[[7,["_lpos"],-379,[1,37.5,-262.5,0]],[6,"Tile_5_5",["_name"],-380],[5,1,["type"],[0,["05qok3RCFHjoYhCv3IysyH"]]],[7,["_lscale"],-381,[1,0.96,0.96,1]]]],55]],[0,["b66QQLZjVLfaklbbpH5yoq"]],[1,0,{},1,[2,"b66QQLZjVLfaklbbpH5yoq",null,null,-386,[3,"7d3jeoZRBKQZzjWEDbnClx",null,[[7,["_lpos"],-383,[1,112.5,-262.5,0]],[6,"Tile_5_6",["_name"],-384],[5,1,["type"],[0,["05qok3RCFHjoYhCv3IysyH"]]],[7,["_lscale"],-385,[1,0.96,0.96,1]]]],56]],[0,["b66QQLZjVLfaklbbpH5yoq"]],[1,0,{},1,[2,"b66QQLZjVLfaklbbpH5yoq",null,null,-387,[3,"f1iWpdl/VE3pYMK+UO/2KK",null,[[4,["_lpos"],[0,["b66QQLZjVLfaklbbpH5yoq"]],[1,187.5,-262.5,0]],[5,2,["type"],[0,["05qok3RCFHjoYhCv3IysyH"]]]]],57]],[1,0,{},1,[2,"b66QQLZjVLfaklbbpH5yoq",null,null,-388,[3,"a5x/VOTl9BfJoG1eBT1gXt",null,[[4,["_lpos"],[0,["b66QQLZjVLfaklbbpH5yoq"]],[1,262.5,-262.5,0]],[5,2,["type"],[0,["05qok3RCFHjoYhCv3IysyH"]]]]],58]],[1,0,{},1,[2,"b66QQLZjVLfaklbbpH5yoq",null,null,-389,[3,"8cMmKVnYVJKrvtL7lfhs5U",null,[[4,["_lpos"],[0,["b66QQLZjVLfaklbbpH5yoq"]],[1,337.5,-262.5,0]],[5,2,["type"],[0,["05qok3RCFHjoYhCv3IysyH"]]]]],59]],[1,0,{},1,[2,"b66QQLZjVLfaklbbpH5yoq",null,null,-390,[3,"99d22WvnhFnJJ47Ws5quTL",null,[[4,["_lpos"],[0,["b66QQLZjVLfaklbbpH5yoq"]],[1,-337.5,-187.5,0]],[5,2,["type"],[0,["05qok3RCFHjoYhCv3IysyH"]]]]],60]],[1,0,{},1,[2,"b66QQLZjVLfaklbbpH5yoq",null,null,-393,[3,"echquLyPZHiIbesxSg7aaG",null,[[4,["_lpos"],[0,["b66QQLZjVLfaklbbpH5yoq"]],[1,-262.5,-187.5,0]],[6,"Tile_6_1",["_name"],-391],[5,1,["type"],[0,["05qok3RCFHjoYhCv3IysyH"]]],[7,["_lscale"],-392,[1,0.96,0.96,1]]]],61]],[1,0,{},1,[2,"b66QQLZjVLfaklbbpH5yoq",null,null,-394,[3,"c0K4bJU3dCQ6gnYDVidKdg",null,[[4,["_lpos"],[0,["b66QQLZjVLfaklbbpH5yoq"]],[1,-187.5,-187.5,0]],[5,2,["type"],[0,["05qok3RCFHjoYhCv3IysyH"]]]]],62]],[1,0,{},1,[2,"b66QQLZjVLfaklbbpH5yoq",null,null,-395,[3,"0cGBF0zNtMTrGX5pMgOCeo",null,[[4,["_lpos"],[0,["b66QQLZjVLfaklbbpH5yoq"]],[1,-112.5,-187.5,0]],[5,2,["type"],[0,["05qok3RCFHjoYhCv3IysyH"]]]]],63]],[1,0,{},1,[2,"b66QQLZjVLfaklbbpH5yoq",null,null,-396,[3,"27C2/QnnNNbLK5tBW2GS2y",null,[[4,["_lpos"],[0,["b66QQLZjVLfaklbbpH5yoq"]],[1,-37.5,-187.5,0]],[5,2,["type"],[0,["05qok3RCFHjoYhCv3IysyH"]]]]],64]],[1,0,{},1,[2,"b66QQLZjVLfaklbbpH5yoq",null,null,-397,[3,"4elzj0w5VAQq4fXNqILnYL",null,[[4,["_lpos"],[0,["b66QQLZjVLfaklbbpH5yoq"]],[1,37.5,-187.5,0]],[5,2,["type"],[0,["05qok3RCFHjoYhCv3IysyH"]]]]],65]],[1,0,{},1,[2,"b66QQLZjVLfaklbbpH5yoq",null,null,-398,[3,"643ec7CqRD3Y1KE+JczUdt",null,[[4,["_lpos"],[0,["b66QQLZjVLfaklbbpH5yoq"]],[1,112.5,-187.5,0]],[5,2,["type"],[0,["05qok3RCFHjoYhCv3IysyH"]]]]],66]],[1,0,{},1,[2,"b66QQLZjVLfaklbbpH5yoq",null,null,-399,[3,"f6lmG1VYBG8aQTxyMVvyug",null,[[4,["_lpos"],[0,["b66QQLZjVLfaklbbpH5yoq"]],[1,187.5,-187.5,0]],[5,2,["type"],[0,["05qok3RCFHjoYhCv3IysyH"]]]]],67]],[1,0,{},1,[2,"b66QQLZjVLfaklbbpH5yoq",null,null,-400,[3,"2fKyc3MWhPTarGNQKMDt6O",null,[[4,["_lpos"],[0,["b66QQLZjVLfaklbbpH5yoq"]],[1,262.5,-187.5,0]],[5,2,["type"],[0,["05qok3RCFHjoYhCv3IysyH"]]]]],68]],[1,0,{},1,[2,"b66QQLZjVLfaklbbpH5yoq",null,null,-401,[3,"34ETRNif1IEYJ5f5L/c3UP",null,[[4,["_lpos"],[0,["b66QQLZjVLfaklbbpH5yoq"]],[1,337.5,-187.5,0]],[5,2,["type"],[0,["05qok3RCFHjoYhCv3IysyH"]]]]],69]],[1,0,{},1,[2,"b66QQLZjVLfaklbbpH5yoq",null,null,-402,[3,"84QGK7lgpD/ouSC8UTmlmw",null,[[4,["_lpos"],[0,["b66QQLZjVLfaklbbpH5yoq"]],[1,-337.5,-112.5,0]],[5,2,["type"],[0,["05qok3RCFHjoYhCv3IysyH"]]]]],70]],[1,0,{},1,[2,"b66QQLZjVLfaklbbpH5yoq",null,null,-405,[3,"a8y7YrkvhErre5DpuCvm+6",null,[[4,["_lpos"],[0,["b66QQLZjVLfaklbbpH5yoq"]],[1,-262.5,-112.5,0]],[6,"Tile_7_1",["_name"],-403],[5,1,["type"],[0,["05qok3RCFHjoYhCv3IysyH"]]],[7,["_lscale"],-404,[1,0.96,0.96,1]]]],71]],[1,0,{},1,[2,"b66QQLZjVLfaklbbpH5yoq",null,null,-408,[3,"49RO8Ey3FEkLEPrHRGggI8",null,[[4,["_lpos"],[0,["b66QQLZjVLfaklbbpH5yoq"]],[1,-187.5,-112.5,0]],[6,"Tile_7_2",["_name"],-406],[5,1,["type"],[0,["05qok3RCFHjoYhCv3IysyH"]]],[7,["_lscale"],-407,[1,0.96,0.96,1]]]],72]],[1,0,{},1,[2,"b66QQLZjVLfaklbbpH5yoq",null,null,-409,[3,"59lfgrVTZJuLEcxtejryiX",null,[[4,["_lpos"],[0,["b66QQLZjVLfaklbbpH5yoq"]],[1,-112.5,-112.5,0]],[5,2,["type"],[0,["05qok3RCFHjoYhCv3IysyH"]]]]],73]],[1,0,{},1,[2,"b66QQLZjVLfaklbbpH5yoq",null,null,-412,[3,"29Ybnjz1NGepXwcBxHoL/I",null,[[4,["_lpos"],[0,["b66QQLZjVLfaklbbpH5yoq"]],[1,-37.5,-112.5,0]],[6,"Tile_7_4",["_name"],-410],[5,1,["type"],[0,["05qok3RCFHjoYhCv3IysyH"]]],[7,["_lscale"],-411,[1,0.96,0.96,1]]]],74]],[1,0,{},1,[2,"b66QQLZjVLfaklbbpH5yoq",null,null,-415,[3,"d3OJTnxiZKmK+siaQkp9O6",null,[[4,["_lpos"],[0,["b66QQLZjVLfaklbbpH5yoq"]],[1,37.5,-112.5,0]],[6,"Tile_7_5",["_name"],-413],[5,1,["type"],[0,["05qok3RCFHjoYhCv3IysyH"]]],[7,["_lscale"],-414,[1,0.96,0.96,1]]]],75]],[1,0,{},1,[2,"b66QQLZjVLfaklbbpH5yoq",null,null,-418,[3,"f0Im2ddptNp49sEaGt7lhj",null,[[4,["_lpos"],[0,["b66QQLZjVLfaklbbpH5yoq"]],[1,112.5,-112.5,0]],[6,"Tile_7_6",["_name"],-416],[5,1,["type"],[0,["05qok3RCFHjoYhCv3IysyH"]]],[7,["_lscale"],-417,[1,0.96,0.96,1]]]],76]],[1,0,{},1,[2,"b66QQLZjVLfaklbbpH5yoq",null,null,-421,[3,"ec5a2I9vxHVKerPiCMmFPR",null,[[4,["_lpos"],[0,["b66QQLZjVLfaklbbpH5yoq"]],[1,187.5,-112.5,0]],[6,"Tile_7_7",["_name"],-419],[5,1,["type"],[0,["05qok3RCFHjoYhCv3IysyH"]]],[7,["_lscale"],-420,[1,0.96,0.96,1]]]],77]],[1,0,{},1,[2,"b66QQLZjVLfaklbbpH5yoq",null,null,-424,[3,"47f57eTzZDO776hMbKzVYx",null,[[4,["_lpos"],[0,["b66QQLZjVLfaklbbpH5yoq"]],[1,262.5,-112.5,0]],[6,"Tile_7_8",["_name"],-422],[5,1,["type"],[0,["05qok3RCFHjoYhCv3IysyH"]]],[7,["_lscale"],-423,[1,0.96,0.96,1]]]],78]],[1,0,{},1,[2,"b66QQLZjVLfaklbbpH5yoq",null,null,-425,[3,"79FYgNcRhIEYoRHO6/cbDU",null,[[4,["_lpos"],[0,["b66QQLZjVLfaklbbpH5yoq"]],[1,337.5,-112.5,0]],[5,2,["type"],[0,["05qok3RCFHjoYhCv3IysyH"]]]]],79]],[1,0,{},1,[2,"b66QQLZjVLfaklbbpH5yoq",null,null,-426,[3,"54tVsL+4pC3YFHb1ZO2wPZ",null,[[4,["_lpos"],[0,["b66QQLZjVLfaklbbpH5yoq"]],[1,-337.5,-37.5,0]],[5,2,["type"],[0,["05qok3RCFHjoYhCv3IysyH"]]]]],80]],[1,0,{},1,[2,"b66QQLZjVLfaklbbpH5yoq",null,null,-427,[3,"acb9dz+jBBGJFQzmLaSGm8",null,[[4,["_lpos"],[0,["b66QQLZjVLfaklbbpH5yoq"]],[1,-262.5,-37.5,0]],[5,2,["type"],[0,["05qok3RCFHjoYhCv3IysyH"]]]]],81]],[1,0,{},1,[2,"b66QQLZjVLfaklbbpH5yoq",null,null,-430,[3,"56umk2UBZOdI6c/6TSlyrU",null,[[4,["_lpos"],[0,["b66QQLZjVLfaklbbpH5yoq"]],[1,-187.5,-37.5,0]],[6,"Tile_8_2",["_name"],-428],[5,1,["type"],[0,["05qok3RCFHjoYhCv3IysyH"]]],[7,["_lscale"],-429,[1,0.96,0.96,1]]]],82]],[1,0,{},1,[2,"b66QQLZjVLfaklbbpH5yoq",null,null,-433,[3,"c1sExL0WVOTZ9JuNix4kr9",null,[[4,["_lpos"],[0,["b66QQLZjVLfaklbbpH5yoq"]],[1,-112.5,-37.5,0]],[6,"Tile_8_3",["_name"],-431],[5,1,["type"],[0,["05qok3RCFHjoYhCv3IysyH"]]],[7,["_lscale"],-432,[1,0.96,0.96,1]]]],83]],[1,0,{},1,[2,"b66QQLZjVLfaklbbpH5yoq",null,null,-436,[3,"aerq8sGMpIsK25kKLhaVyn",null,[[4,["_lpos"],[0,["b66QQLZjVLfaklbbpH5yoq"]],[1,-37.5,-37.5,0]],[6,"Tile_8_4",["_name"],-434],[5,1,["type"],[0,["05qok3RCFHjoYhCv3IysyH"]]],[7,["_lscale"],-435,[1,0.96,0.96,1]]]],84]],[1,0,{},1,[2,"b66QQLZjVLfaklbbpH5yoq",null,null,-437,[3,"fctq3WuNxO5bMIUldyfCAC",null,[[4,["_lpos"],[0,["b66QQLZjVLfaklbbpH5yoq"]],[1,37.5,-37.5,0]],[5,2,["type"],[0,["05qok3RCFHjoYhCv3IysyH"]]]]],85]],[1,0,{},1,[2,"b66QQLZjVLfaklbbpH5yoq",null,null,-438,[3,"80NsJNHg1LxIOsYDy00IZO",null,[[4,["_lpos"],[0,["b66QQLZjVLfaklbbpH5yoq"]],[1,112.5,-37.5,0]],[5,2,["type"],[0,["05qok3RCFHjoYhCv3IysyH"]]]]],86]],[1,0,{},1,[2,"b66QQLZjVLfaklbbpH5yoq",null,null,-439,[3,"f9e2t0QB1Ax7Jct/zjoKwt",null,[[4,["_lpos"],[0,["b66QQLZjVLfaklbbpH5yoq"]],[1,187.5,-37.5,0]],[5,2,["type"],[0,["05qok3RCFHjoYhCv3IysyH"]]]]],87]],[1,0,{},1,[2,"b66QQLZjVLfaklbbpH5yoq",null,null,-442,[3,"b0QGugfn5K64GBjMx5UF5K",null,[[4,["_lpos"],[0,["b66QQLZjVLfaklbbpH5yoq"]],[1,262.5,-37.5,0]],[6,"Tile_8_8",["_name"],-440],[5,1,["type"],[0,["05qok3RCFHjoYhCv3IysyH"]]],[7,["_lscale"],-441,[1,0.96,0.96,1]]]],88]],[1,0,{},1,[2,"b66QQLZjVLfaklbbpH5yoq",null,null,-443,[3,"d88hV80FxPLb6cyh3Y74JL",null,[[4,["_lpos"],[0,["b66QQLZjVLfaklbbpH5yoq"]],[1,337.5,-37.5,0]],[5,2,["type"],[0,["05qok3RCFHjoYhCv3IysyH"]]]]],89]],[1,0,{},1,[2,"b66QQLZjVLfaklbbpH5yoq",null,null,-444,[3,"9bVgK3NhxD1rTb1ixlaTHa",null,[[4,["_lpos"],[0,["b66QQLZjVLfaklbbpH5yoq"]],[1,-337.5,37.5,0]],[5,2,["type"],[0,["05qok3RCFHjoYhCv3IysyH"]]]]],90]],[1,0,{},1,[2,"b66QQLZjVLfaklbbpH5yoq",null,null,-445,[3,"27QgjVBAhApbVTytMZiCda",null,[[4,["_lpos"],[0,["b66QQLZjVLfaklbbpH5yoq"]],[1,-262.5,37.5,0]],[5,2,["type"],[0,["05qok3RCFHjoYhCv3IysyH"]]]]],91]],[1,0,{},1,[2,"b66QQLZjVLfaklbbpH5yoq",null,null,-446,[3,"7cAWfL52RB7LQmBPuQqDGh",null,[[4,["_lpos"],[0,["b66QQLZjVLfaklbbpH5yoq"]],[1,-187.5,37.5,0]],[5,2,["type"],[0,["05qok3RCFHjoYhCv3IysyH"]]]]],92]],[1,0,{},1,[2,"b66QQLZjVLfaklbbpH5yoq",null,null,-447,[3,"1832vcX39Io6ad8LFQXiXr",null,[[4,["_lpos"],[0,["b66QQLZjVLfaklbbpH5yoq"]],[1,-112.5,37.5,0]],[5,2,["type"],[0,["05qok3RCFHjoYhCv3IysyH"]]]]],93]],[1,0,{},1,[2,"b66QQLZjVLfaklbbpH5yoq",null,null,-448,[3,"0bbx4mHnFEOrryInHeg+Yi",null,[[4,["_lpos"],[0,["b66QQLZjVLfaklbbpH5yoq"]],[1,-37.5,37.5,0]],[5,2,["type"],[0,["05qok3RCFHjoYhCv3IysyH"]]]]],94]],[1,0,{},1,[2,"b66QQLZjVLfaklbbpH5yoq",null,null,-449,[3,"72Pu7O5SZLLqwZ9xxK/GCQ",null,[[4,["_lpos"],[0,["b66QQLZjVLfaklbbpH5yoq"]],[1,37.5,37.5,0]],[5,2,["type"],[0,["05qok3RCFHjoYhCv3IysyH"]]]]],95]],[1,0,{},1,[2,"b66QQLZjVLfaklbbpH5yoq",null,null,-450,[3,"e3N7I3O2lFl5lb4Bw24Vd/",null,[[4,["_lpos"],[0,["b66QQLZjVLfaklbbpH5yoq"]],[1,112.5,37.5,0]],[5,2,["type"],[0,["05qok3RCFHjoYhCv3IysyH"]]]]],96]],[1,0,{},1,[2,"b66QQLZjVLfaklbbpH5yoq",null,null,-451,[3,"1aUWcc1jxFgKTqDlsI37HX",null,[[4,["_lpos"],[0,["b66QQLZjVLfaklbbpH5yoq"]],[1,187.5,37.5,0]],[5,2,["type"],[0,["05qok3RCFHjoYhCv3IysyH"]]]]],97]],[1,0,{},1,[2,"b66QQLZjVLfaklbbpH5yoq",null,null,-454,[3,"c13zqC8FlCorr5pLXkf879",null,[[4,["_lpos"],[0,["b66QQLZjVLfaklbbpH5yoq"]],[1,262.5,37.5,0]],[6,"Tile_9_8",["_name"],-452],[5,1,["type"],[0,["05qok3RCFHjoYhCv3IysyH"]]],[7,["_lscale"],-453,[1,0.96,0.96,1]]]],98]],[1,0,{},1,[2,"b66QQLZjVLfaklbbpH5yoq",null,null,-455,[3,"bahHe86KtFWLDpHfuUSLWS",null,[[4,["_lpos"],[0,["b66QQLZjVLfaklbbpH5yoq"]],[1,337.5,37.5,0]],[5,2,["type"],[0,["05qok3RCFHjoYhCv3IysyH"]]]]],99]],[1,0,{},1,[2,"b66QQLZjVLfaklbbpH5yoq",null,null,-456,[3,"43VThqRO5Oorfva+G/L4w7",null,[[4,["_lpos"],[0,["b66QQLZjVLfaklbbpH5yoq"]],[1,-337.5,112.5,0]],[5,2,["type"],[0,["05qok3RCFHjoYhCv3IysyH"]]]]],100]],[1,0,{},1,[2,"b66QQLZjVLfaklbbpH5yoq",null,null,-457,[3,"ca//4SyJJHq4gOy8EP9Q75",null,[[4,["_lpos"],[0,["b66QQLZjVLfaklbbpH5yoq"]],[1,-262.5,112.5,0]],[5,2,["type"],[0,["05qok3RCFHjoYhCv3IysyH"]]]]],101]],[1,0,{},1,[2,"b66QQLZjVLfaklbbpH5yoq",null,null,-458,[3,"24knvkpdxDt5JIRWEItlKc",null,[[4,["_lpos"],[0,["b66QQLZjVLfaklbbpH5yoq"]],[1,-187.5,112.5,0]],[5,2,["type"],[0,["05qok3RCFHjoYhCv3IysyH"]]]]],102]],[1,0,{},1,[2,"b66QQLZjVLfaklbbpH5yoq",null,null,-461,[3,"fasBfdQO1MiaykZjR4pzK5",null,[[4,["_lpos"],[0,["b66QQLZjVLfaklbbpH5yoq"]],[1,-111.5,112.5,0]],[6,"Tile_10_3",["_name"],-459],[5,1,["type"],[0,["05qok3RCFHjoYhCv3IysyH"]]],[7,["_lscale"],-460,[1,0.96,0.96,1]]]],103]],[1,0,{},1,[2,"b66QQLZjVLfaklbbpH5yoq",null,null,-464,[3,"6cYqgMJjVJhISrQtcR+5k3",null,[[4,["_lpos"],[0,["b66QQLZjVLfaklbbpH5yoq"]],[1,-37.5,112.5,0]],[6,"Tile_10_4",["_name"],-462],[5,1,["type"],[0,["05qok3RCFHjoYhCv3IysyH"]]],[7,["_lscale"],-463,[1,0.96,0.96,1]]]],104]],[1,0,{},1,[2,"b66QQLZjVLfaklbbpH5yoq",null,null,-467,[3,"3dd5KMF1FOO57AW9JSevbD",null,[[4,["_lpos"],[0,["b66QQLZjVLfaklbbpH5yoq"]],[1,37.5,112.5,0]],[6,"Tile_10_5",["_name"],-465],[5,1,["type"],[0,["05qok3RCFHjoYhCv3IysyH"]]],[7,["_lscale"],-466,[1,0.96,0.96,1]]]],105]],[1,0,{},1,[2,"b66QQLZjVLfaklbbpH5yoq",null,null,-470,[3,"0eGp6WZkBLEYESGGpGRSZQ",null,[[4,["_lpos"],[0,["b66QQLZjVLfaklbbpH5yoq"]],[1,112.5,112.5,0]],[6,"Tile_10_6",["_name"],-468],[5,1,["type"],[0,["05qok3RCFHjoYhCv3IysyH"]]],[7,["_lscale"],-469,[1,0.96,0.96,1]]]],106]],[1,0,{},1,[2,"b66QQLZjVLfaklbbpH5yoq",null,null,-471,[3,"37oGoEg5dDCL3PQHA1ab94",null,[[4,["_lpos"],[0,["b66QQLZjVLfaklbbpH5yoq"]],[1,187.5,112.5,0]],[5,2,["type"],[0,["05qok3RCFHjoYhCv3IysyH"]]]]],107]],[1,0,{},1,[2,"b66QQLZjVLfaklbbpH5yoq",null,null,-474,[3,"e8Iq/82IZDeoTWjiHGUnJV",null,[[4,["_lpos"],[0,["b66QQLZjVLfaklbbpH5yoq"]],[1,262.5,112.5,0]],[6,"Tile_10_8",["_name"],-472],[5,1,["type"],[0,["05qok3RCFHjoYhCv3IysyH"]]],[7,["_lscale"],-473,[1,0.96,0.96,1]]]],108]],[1,0,{},1,[2,"b66QQLZjVLfaklbbpH5yoq",null,null,-475,[3,"55K4ZzcdNAeroRflOqVQKa",null,[[4,["_lpos"],[0,["b66QQLZjVLfaklbbpH5yoq"]],[1,337.5,112.5,0]],[5,2,["type"],[0,["05qok3RCFHjoYhCv3IysyH"]]]]],109]],[1,0,{},1,[2,"b66QQLZjVLfaklbbpH5yoq",null,null,-476,[3,"020QBQAJRIUY0CkmPYqxeI",null,[[4,["_lpos"],[0,["b66QQLZjVLfaklbbpH5yoq"]],[1,-337.5,187.5,0]],[5,2,["type"],[0,["05qok3RCFHjoYhCv3IysyH"]]]]],110]],[1,0,{},1,[2,"b66QQLZjVLfaklbbpH5yoq",null,null,-477,[3,"72amVWhyVOCZ/gugvpn2hL",null,[[4,["_lpos"],[0,["b66QQLZjVLfaklbbpH5yoq"]],[1,-262.5,187.5,0]],[5,2,["type"],[0,["05qok3RCFHjoYhCv3IysyH"]]]]],111]],[1,0,{},1,[2,"b66QQLZjVLfaklbbpH5yoq",null,null,-478,[3,"c5/Vkuk5RCE6UkvqGGn5qw",null,[[4,["_lpos"],[0,["b66QQLZjVLfaklbbpH5yoq"]],[1,-187.5,187.5,0]],[5,2,["type"],[0,["05qok3RCFHjoYhCv3IysyH"]]]]],112]],[1,0,{},1,[2,"b66QQLZjVLfaklbbpH5yoq",null,null,-481,[3,"c4y9AZHU1OQKeUsU9kWFdf",null,[[4,["_lpos"],[0,["b66QQLZjVLfaklbbpH5yoq"]],[1,-111.5,187.5,0]],[6,"Tile_11_3",["_name"],-479],[5,1,["type"],[0,["05qok3RCFHjoYhCv3IysyH"]]],[7,["_lscale"],-480,[1,0.96,0.96,1]]]],113]],[1,0,{},1,[2,"b66QQLZjVLfaklbbpH5yoq",null,null,-482,[3,"78wxlzq4NKNbvkJfhaofWt",null,[[4,["_lpos"],[0,["b66QQLZjVLfaklbbpH5yoq"]],[1,-37.5,187.5,0]],[5,2,["type"],[0,["05qok3RCFHjoYhCv3IysyH"]]]]],114]],[1,0,{},1,[2,"b66QQLZjVLfaklbbpH5yoq",null,null,-483,[3,"a38uXqiTZMHrp3alz6x0Ti",null,[[4,["_lpos"],[0,["b66QQLZjVLfaklbbpH5yoq"]],[1,37.5,187.5,0]],[5,2,["type"],[0,["05qok3RCFHjoYhCv3IysyH"]]]]],115]],[1,0,{},1,[2,"b66QQLZjVLfaklbbpH5yoq",null,null,-486,[3,"f5JgcFMwRHsoff8EjvR3aI",null,[[4,["_lpos"],[0,["b66QQLZjVLfaklbbpH5yoq"]],[1,112.5,187.5,0]],[6,"Tile_11_6",["_name"],-484],[5,1,["type"],[0,["05qok3RCFHjoYhCv3IysyH"]]],[7,["_lscale"],-485,[1,0.96,0.96,1]]]],116]],[1,0,{},1,[2,"b66QQLZjVLfaklbbpH5yoq",null,null,-487,[3,"bfEmOsUWJG1IocsV1MuF4d",null,[[4,["_lpos"],[0,["b66QQLZjVLfaklbbpH5yoq"]],[1,187.5,187.5,0]],[5,2,["type"],[0,["05qok3RCFHjoYhCv3IysyH"]]]]],117]],[1,0,{},1,[2,"b66QQLZjVLfaklbbpH5yoq",null,null,-490,[3,"3eWNS5+HlPgofA1O1Fr2zp",null,[[4,["_lpos"],[0,["b66QQLZjVLfaklbbpH5yoq"]],[1,262.5,187.5,0]],[6,"Tile_11_8",["_name"],-488],[5,1,["type"],[0,["05qok3RCFHjoYhCv3IysyH"]]],[7,["_lscale"],-489,[1,0.96,0.96,1]]]],118]],[1,0,{},1,[2,"b66QQLZjVLfaklbbpH5yoq",null,null,-491,[3,"2dVxQ82SRMm6GWsr4u+I50",null,[[4,["_lpos"],[0,["b66QQLZjVLfaklbbpH5yoq"]],[1,337.5,187.5,0]],[5,2,["type"],[0,["05qok3RCFHjoYhCv3IysyH"]]]]],119]],[1,0,{},1,[2,"b66QQLZjVLfaklbbpH5yoq",null,null,-492,[3,"70nnk4BIJIYIivxsSVYZFj",null,[[4,["_lpos"],[0,["b66QQLZjVLfaklbbpH5yoq"]],[1,-337.5,262.5,0]],[5,2,["type"],[0,["05qok3RCFHjoYhCv3IysyH"]]]]],120]],[1,0,{},1,[2,"b66QQLZjVLfaklbbpH5yoq",null,null,-493,[3,"5f4cWAb/FFcJ6h9FTnBlHa",null,[[4,["_lpos"],[0,["b66QQLZjVLfaklbbpH5yoq"]],[1,-262.5,262.5,0]],[5,2,["type"],[0,["05qok3RCFHjoYhCv3IysyH"]]]]],121]],[1,0,{},1,[2,"b66QQLZjVLfaklbbpH5yoq",null,null,-494,[3,"08E7XWSY9Epp7D9Rndk966",null,[[4,["_lpos"],[0,["b66QQLZjVLfaklbbpH5yoq"]],[1,-187.5,262.5,0]],[5,2,["type"],[0,["05qok3RCFHjoYhCv3IysyH"]]]]],122]],[1,0,{},1,[2,"b66QQLZjVLfaklbbpH5yoq",null,null,-497,[3,"c4jJT+yAlPsor/2W5MtHiT",null,[[4,["_lpos"],[0,["b66QQLZjVLfaklbbpH5yoq"]],[1,-111.5,262.5,0]],[6,"Tile_12_3",["_name"],-495],[5,1,["type"],[0,["05qok3RCFHjoYhCv3IysyH"]]],[7,["_lscale"],-496,[1,0.96,0.96,1]]]],123]],[1,0,{},1,[2,"b66QQLZjVLfaklbbpH5yoq",null,null,-498,[3,"2dO0Nwhl5J37roBttZdef0",null,[[4,["_lpos"],[0,["b66QQLZjVLfaklbbpH5yoq"]],[1,-37.5,262.5,0]],[5,2,["type"],[0,["05qok3RCFHjoYhCv3IysyH"]]]]],124]],[1,0,{},1,[2,"b66QQLZjVLfaklbbpH5yoq",null,null,-499,[3,"3fU/XksppP7b2wsj5kPzw+",null,[[4,["_lpos"],[0,["b66QQLZjVLfaklbbpH5yoq"]],[1,37.5,262.5,0]],[5,2,["type"],[0,["05qok3RCFHjoYhCv3IysyH"]]]]],125]],[1,0,{},1,[2,"b66QQLZjVLfaklbbpH5yoq",null,null,-502,[3,"29/92EEthGmrTsbdJZRP8o",null,[[4,["_lpos"],[0,["b66QQLZjVLfaklbbpH5yoq"]],[1,112.5,262.5,0]],[6,"Tile_12_6",["_name"],-500],[5,1,["type"],[0,["05qok3RCFHjoYhCv3IysyH"]]],[7,["_lscale"],-501,[1,0.96,0.96,1]]]],126]],[1,0,{},1,[2,"b66QQLZjVLfaklbbpH5yoq",null,null,-505,[3,"88IgRC+mFKe5C6s9toJ4aw",null,[[4,["_lpos"],[0,["b66QQLZjVLfaklbbpH5yoq"]],[1,187.5,262.5,0]],[6,"Tile_12_7",["_name"],-503],[5,1,["type"],[0,["05qok3RCFHjoYhCv3IysyH"]]],[7,["_lscale"],-504,[1,0.96,0.96,1]]]],127]],[1,0,{},1,[2,"b66QQLZjVLfaklbbpH5yoq",null,null,-508,[3,"76wFKMU41Pvo53w8cbhf4l",null,[[4,["_lpos"],[0,["b66QQLZjVLfaklbbpH5yoq"]],[1,262.5,262.5,0]],[6,"Tile_12_8",["_name"],-506],[5,1,["type"],[0,["05qok3RCFHjoYhCv3IysyH"]]],[7,["_lscale"],-507,[1,0.96,0.96,1]]]],128]],[1,0,{},1,[2,"b66QQLZjVLfaklbbpH5yoq",null,null,-509,[3,"88ew1zoplCxpGBWXN9jJWd",null,[[4,["_lpos"],[0,["b66QQLZjVLfaklbbpH5yoq"]],[1,337.5,262.5,0]],[5,2,["type"],[0,["05qok3RCFHjoYhCv3IysyH"]]]]],129]],[1,0,{},1,[2,"b66QQLZjVLfaklbbpH5yoq",null,null,-514,[3,"15yWwYxdVG4onI2l+9YHlA",null,[[4,["_lpos"],[0,["b66QQLZjVLfaklbbpH5yoq"]],[1,-336.5,337.5,0]],[6,"Tile_13_0",["_name"],-510],[6,3,["type"],-511],[7,["_lscale"],-512,[1,0.96,0.96,1]],[6,3,["_type"],-513]]],130]],[1,0,{},1,[2,"b66QQLZjVLfaklbbpH5yoq",null,null,-517,[3,"aafqTnBYZHFo1vSn8gkzFK",null,[[4,["_lpos"],[0,["b66QQLZjVLfaklbbpH5yoq"]],[1,-261.5,337.5,0]],[6,"Tile_13_1",["_name"],-515],[5,1,["type"],[0,["05qok3RCFHjoYhCv3IysyH"]]],[7,["_lscale"],-516,[1,0.96,0.96,1]]]],131]],[1,0,{},1,[2,"b66QQLZjVLfaklbbpH5yoq",null,null,-520,[3,"02pDYudh1A2oDppjGdfYDa",null,[[4,["_lpos"],[0,["b66QQLZjVLfaklbbpH5yoq"]],[1,-186.5,337.5,0]],[6,"Tile_13_2",["_name"],-518],[5,1,["type"],[0,["05qok3RCFHjoYhCv3IysyH"]]],[7,["_lscale"],-519,[1,0.96,0.96,1]]]],132]],[1,0,{},1,[2,"b66QQLZjVLfaklbbpH5yoq",null,null,-523,[3,"ebkLPey6VHAbxaYSsWHb3Z",null,[[4,["_lpos"],[0,["b66QQLZjVLfaklbbpH5yoq"]],[1,-111.5,337.5,0]],[6,"Tile_13_3",["_name"],-521],[5,1,["type"],[0,["05qok3RCFHjoYhCv3IysyH"]]],[7,["_lscale"],-522,[1,0.96,0.96,1]]]],133]],[1,0,{},1,[2,"b66QQLZjVLfaklbbpH5yoq",null,null,-524,[3,"e8ueYGOkVNirjxnsjgSmtN",null,[[4,["_lpos"],[0,["b66QQLZjVLfaklbbpH5yoq"]],[1,-37.5,337.5,0]],[5,2,["type"],[0,["05qok3RCFHjoYhCv3IysyH"]]]]],134]],[1,0,{},1,[2,"b66QQLZjVLfaklbbpH5yoq",null,null,-525,[3,"90WGe+FvtBmKumkQ7icksn",null,[[4,["_lpos"],[0,["b66QQLZjVLfaklbbpH5yoq"]],[1,37.5,337.5,0]],[5,2,["type"],[0,["05qok3RCFHjoYhCv3IysyH"]]]]],135]],[1,0,{},1,[2,"b66QQLZjVLfaklbbpH5yoq",null,null,-526,[3,"45Fui4qYlKCbLPBBT/42eS",null,[[4,["_lpos"],[0,["b66QQLZjVLfaklbbpH5yoq"]],[1,112.5,337.5,0]],[5,2,["type"],[0,["05qok3RCFHjoYhCv3IysyH"]]]]],136]],[1,0,{},1,[2,"b66QQLZjVLfaklbbpH5yoq",null,null,-527,[3,"02caZvj2NKtp/3wHMKlTfA",null,[[4,["_lpos"],[0,["b66QQLZjVLfaklbbpH5yoq"]],[1,187.5,337.5,0]],[5,2,["type"],[0,["05qok3RCFHjoYhCv3IysyH"]]]]],137]],[1,0,{},1,[2,"b66QQLZjVLfaklbbpH5yoq",null,null,-528,[3,"b8HytJ7lRERYCOBGnxnXa5",null,[[4,["_lpos"],[0,["b66QQLZjVLfaklbbpH5yoq"]],[1,262.5,337.5,0]],[5,2,["type"],[0,["05qok3RCFHjoYhCv3IysyH"]]]]],138]],[1,0,{},1,[2,"b66QQLZjVLfaklbbpH5yoq",null,null,-529,[3,"cbbY3Lt0VN8K+rP1uhKgJP",null,[[4,["_lpos"],[0,["b66QQLZjVLfaklbbpH5yoq"]],[1,337.5,337.5,0]],[5,2,["type"],[0,["05qok3RCFHjoYhCv3IysyH"]]]]],139]],[1,0,{},1,[2,"b66QQLZjVLfaklbbpH5yoq",null,null,-530,[3,"11mJHilphDsp+Ws4jwxihA",null,[[4,["_lpos"],[0,["b66QQLZjVLfaklbbpH5yoq"]],[1,-337.5,412.5,0]],[5,2,["type"],[0,["05qok3RCFHjoYhCv3IysyH"]]]]],140]],[1,0,{},1,[2,"b66QQLZjVLfaklbbpH5yoq",null,null,-531,[3,"e5y6nyCo5DnZCE04oY0AxW",null,[[4,["_lpos"],[0,["b66QQLZjVLfaklbbpH5yoq"]],[1,-262.5,412.5,0]],[5,2,["type"],[0,["05qok3RCFHjoYhCv3IysyH"]]]]],141]],[1,0,{},1,[2,"b66QQLZjVLfaklbbpH5yoq",null,null,-532,[3,"01posVgBRARbWlDl+LD7EL",null,[[4,["_lpos"],[0,["b66QQLZjVLfaklbbpH5yoq"]],[1,-187.5,412.5,0]],[5,2,["type"],[0,["05qok3RCFHjoYhCv3IysyH"]]]]],142]],[1,0,{},1,[2,"b66QQLZjVLfaklbbpH5yoq",null,null,-533,[3,"97/T5M3vdCQoM/ELpdqn+5",null,[[4,["_lpos"],[0,["b66QQLZjVLfaklbbpH5yoq"]],[1,-112.5,412.5,0]],[5,2,["type"],[0,["05qok3RCFHjoYhCv3IysyH"]]]]],143]],[1,0,{},1,[2,"b66QQLZjVLfaklbbpH5yoq",null,null,-534,[3,"0b8zpsTrNBvb6ju+quPiVD",null,[[4,["_lpos"],[0,["b66QQLZjVLfaklbbpH5yoq"]],[1,-37.5,412.5,0]],[5,2,["type"],[0,["05qok3RCFHjoYhCv3IysyH"]]]]],144]],[1,0,{},1,[2,"b66QQLZjVLfaklbbpH5yoq",null,null,-535,[3,"5fXtG/cctFj5/KsvJCsCjx",null,[[4,["_lpos"],[0,["b66QQLZjVLfaklbbpH5yoq"]],[1,37.5,412.5,0]],[5,2,["type"],[0,["05qok3RCFHjoYhCv3IysyH"]]]]],145]],[1,0,{},1,[2,"b66QQLZjVLfaklbbpH5yoq",null,null,-536,[3,"01AzJazLVFfKSRrG3ez/VF",null,[[4,["_lpos"],[0,["b66QQLZjVLfaklbbpH5yoq"]],[1,112.5,412.5,0]],[5,2,["type"],[0,["05qok3RCFHjoYhCv3IysyH"]]]]],146]],[1,0,{},1,[2,"b66QQLZjVLfaklbbpH5yoq",null,null,-537,[3,"8eSz+tR5NMG5tIE2lWo6Bn",null,[[4,["_lpos"],[0,["b66QQLZjVLfaklbbpH5yoq"]],[1,187.5,412.5,0]],[5,2,["type"],[0,["05qok3RCFHjoYhCv3IysyH"]]]]],147]],[1,0,{},1,[2,"b66QQLZjVLfaklbbpH5yoq",null,null,-538,[3,"0erZdCo7ZEA6eKJceeReIP",null,[[4,["_lpos"],[0,["b66QQLZjVLfaklbbpH5yoq"]],[1,262.5,412.5,0]],[5,2,["type"],[0,["05qok3RCFHjoYhCv3IysyH"]]]]],148]],[1,0,{},1,[2,"b66QQLZjVLfaklbbpH5yoq",null,null,-539,[3,"1bl0juVkBOaLtUXXECI9St",null,[[4,["_lpos"],[0,["b66QQLZjVLfaklbbpH5yoq"]],[1,337.5,412.5,0]],[5,2,["type"],[0,["05qok3RCFHjoYhCv3IysyH"]]]]],149]],[1,0,{},1,[2,"b66QQLZjVLfaklbbpH5yoq",null,null,-540,[3,"8dSwrElchIC4tjINSbn2Oh",null,[[4,["_lpos"],[0,["b66QQLZjVLfaklbbpH5yoq"]],[1,-337.5,487.5,0]],[5,2,["type"],[0,["05qok3RCFHjoYhCv3IysyH"]]]]],150]],[1,0,{},1,[2,"b66QQLZjVLfaklbbpH5yoq",null,null,-541,[3,"a121pVKQVOmY1zxJq/1asA",null,[[4,["_lpos"],[0,["b66QQLZjVLfaklbbpH5yoq"]],[1,-262.5,487.5,0]],[5,2,["type"],[0,["05qok3RCFHjoYhCv3IysyH"]]]]],151]],[1,0,{},1,[2,"b66QQLZjVLfaklbbpH5yoq",null,null,-542,[3,"e9Euk+7FpDIIDc600Jsju2",null,[[4,["_lpos"],[0,["b66QQLZjVLfaklbbpH5yoq"]],[1,-187.5,487.5,0]],[5,2,["type"],[0,["05qok3RCFHjoYhCv3IysyH"]]]]],152]],[1,0,{},1,[2,"b66QQLZjVLfaklbbpH5yoq",null,null,-543,[3,"1ehRtzaYBOWI/x6quQhFWY",null,[[4,["_lpos"],[0,["b66QQLZjVLfaklbbpH5yoq"]],[1,-112.5,487.5,0]],[5,2,["type"],[0,["05qok3RCFHjoYhCv3IysyH"]]]]],153]],[1,0,{},1,[2,"b66QQLZjVLfaklbbpH5yoq",null,null,-544,[3,"fd/JN1IWVG7ob14F/iGGI+",null,[[4,["_lpos"],[0,["b66QQLZjVLfaklbbpH5yoq"]],[1,-37.5,487.5,0]],[5,2,["type"],[0,["05qok3RCFHjoYhCv3IysyH"]]]]],154]],[1,0,{},1,[2,"b66QQLZjVLfaklbbpH5yoq",null,null,-545,[3,"73RJsOOJdJrLoHQrERvgqe",null,[[4,["_lpos"],[0,["b66QQLZjVLfaklbbpH5yoq"]],[1,37.5,487.5,0]],[5,2,["type"],[0,["05qok3RCFHjoYhCv3IysyH"]]]]],155]],[1,0,{},1,[2,"b66QQLZjVLfaklbbpH5yoq",null,null,-546,[3,"7fUPUBr8JEhrgxR6Cv2M9B",null,[[4,["_lpos"],[0,["b66QQLZjVLfaklbbpH5yoq"]],[1,112.5,487.5,0]],[5,2,["type"],[0,["05qok3RCFHjoYhCv3IysyH"]]]]],156]],[1,0,{},1,[2,"b66QQLZjVLfaklbbpH5yoq",null,null,-547,[3,"ceW+okpt5EQKZuJbsbeO+U",null,[[4,["_lpos"],[0,["b66QQLZjVLfaklbbpH5yoq"]],[1,187.5,487.5,0]],[5,2,["type"],[0,["05qok3RCFHjoYhCv3IysyH"]]]]],157]],[1,0,{},1,[2,"b66QQLZjVLfaklbbpH5yoq",null,null,-548,[3,"bekiVcHd1JdqzjzPMVKbXT",null,[[4,["_lpos"],[0,["b66QQLZjVLfaklbbpH5yoq"]],[1,262.5,487.5,0]],[5,2,["type"],[0,["05qok3RCFHjoYhCv3IysyH"]]]]],158]],[1,0,{},1,[2,"b66QQLZjVLfaklbbpH5yoq",null,null,-549,[3,"15snNrwwdEAq9S5O1A459d",null,[[4,["_lpos"],[0,["b66QQLZjVLfaklbbpH5yoq"]],[1,337.5,487.5,0]],[5,2,["type"],[0,["05qok3RCFHjoYhCv3IysyH"]]]]],159]],[1,0,{},1,[2,"b66QQLZjVLfaklbbpH5yoq",null,null,-552,[3,"10nHdlybpJQLz8+W0qMiLh",null,[[4,["_lpos"],[0,["b66QQLZjVLfaklbbpH5yoq"]],[1,-337.5,562.5,0]],[6,0,["type"],-550],[6,0,["_type"],-551]]],160]],[1,0,{},1,[2,"b66QQLZjVLfaklbbpH5yoq",null,null,-555,[3,"d5Py/DhcRMNJiSML+ahAaY",null,[[4,["_lpos"],[0,["b66QQLZjVLfaklbbpH5yoq"]],[1,-262.5,562.5,0]],[6,0,["type"],-553],[6,0,["_type"],-554]]],161]],[1,0,{},1,[2,"b66QQLZjVLfaklbbpH5yoq",null,null,-558,[3,"d3LqU+TvNGJbpUUjpjkqDf",null,[[4,["_lpos"],[0,["b66QQLZjVLfaklbbpH5yoq"]],[1,-187.5,562.5,0]],[6,0,["type"],-556],[6,0,["_type"],-557]]],162]],[1,0,{},1,[2,"b66QQLZjVLfaklbbpH5yoq",null,null,-561,[3,"57T9PBb4BPIoy2wwwE0SDn",null,[[4,["_lpos"],[0,["b66QQLZjVLfaklbbpH5yoq"]],[1,-112.5,562.5,0]],[6,0,["type"],-559],[6,0,["_type"],-560]]],163]],[1,0,{},1,[2,"b66QQLZjVLfaklbbpH5yoq",null,null,-564,[3,"5a8Im50YtDt5ouWfWSxhyJ",null,[[4,["_lpos"],[0,["b66QQLZjVLfaklbbpH5yoq"]],[1,-37.5,562.5,0]],[6,0,["type"],-562],[6,0,["_type"],-563]]],164]],[1,0,{},1,[2,"b66QQLZjVLfaklbbpH5yoq",null,null,-567,[3,"e8N+2VKTlHXrBM4xtBidxV",null,[[4,["_lpos"],[0,["b66QQLZjVLfaklbbpH5yoq"]],[1,37.5,562.5,0]],[6,0,["type"],-565],[6,0,["_type"],-566]]],165]],[1,0,{},1,[2,"b66QQLZjVLfaklbbpH5yoq",null,null,-570,[3,"02hoQEAcBGoaIlCTHJlgIk",null,[[4,["_lpos"],[0,["b66QQLZjVLfaklbbpH5yoq"]],[1,112.5,562.5,0]],[6,0,["type"],-568],[6,0,["_type"],-569]]],166]],[1,0,{},1,[2,"b66QQLZjVLfaklbbpH5yoq",null,null,-573,[3,"feZsSc7GpNEKTa7eex3qgH",null,[[4,["_lpos"],[0,["b66QQLZjVLfaklbbpH5yoq"]],[1,187.5,562.5,0]],[6,0,["type"],-571],[6,0,["_type"],-572]]],167]],[1,0,{},1,[2,"b66QQLZjVLfaklbbpH5yoq",null,null,-576,[3,"55y2hZwbpGN4b51VzLXLw6",null,[[4,["_lpos"],[0,["b66QQLZjVLfaklbbpH5yoq"]],[1,262.5,562.5,0]],[6,0,["type"],-574],[6,0,["_type"],-575]]],168]],[1,0,{},1,[2,"b66QQLZjVLfaklbbpH5yoq",null,null,-579,[3,"21NbdWdkFFV5hHH1/zxPim",null,[[4,["_lpos"],[0,["b66QQLZjVLfaklbbpH5yoq"]],[1,337.5,562.5,0]],[6,0,["type"],-577],[6,0,["_type"],-578]]],169]],[1,0,{},1,[2,"b66QQLZjVLfaklbbpH5yoq",null,null,-582,[3,"1bTx9TbAhDNI2tOzmCULKS",null,[[4,["_lpos"],[0,["b66QQLZjVLfaklbbpH5yoq"]],[1,-337.5,637.5,0]],[6,0,["type"],-580],[6,0,["_type"],-581]]],170]],[1,0,{},1,[2,"b66QQLZjVLfaklbbpH5yoq",null,null,-585,[3,"a3MvqI6KdPiqywFzzdsgbB",null,[[4,["_lpos"],[0,["b66QQLZjVLfaklbbpH5yoq"]],[1,-262.5,637.5,0]],[6,0,["type"],-583],[6,0,["_type"],-584]]],171]],[1,0,{},1,[2,"b66QQLZjVLfaklbbpH5yoq",null,null,-588,[3,"6cG1Tx9MBKJpaRTHhVEBQz",null,[[4,["_lpos"],[0,["b66QQLZjVLfaklbbpH5yoq"]],[1,-187.5,637.5,0]],[6,0,["type"],-586],[6,0,["_type"],-587]]],172]],[1,0,{},1,[2,"b66QQLZjVLfaklbbpH5yoq",null,null,-591,[3,"0cTmPvKmRAB7RHw/01Qd0E",null,[[4,["_lpos"],[0,["b66QQLZjVLfaklbbpH5yoq"]],[1,-112.5,637.5,0]],[6,0,["type"],-589],[6,0,["_type"],-590]]],173]],[1,0,{},1,[2,"b66QQLZjVLfaklbbpH5yoq",null,null,-594,[3,"bdt04G8DhFkpmiLmYnYSWp",null,[[4,["_lpos"],[0,["b66QQLZjVLfaklbbpH5yoq"]],[1,-37.5,637.5,0]],[6,0,["type"],-592],[6,0,["_type"],-593]]],174]],[1,0,{},1,[2,"b66QQLZjVLfaklbbpH5yoq",null,null,-597,[3,"03lC6hVZVLd43brX82v5KU",null,[[4,["_lpos"],[0,["b66QQLZjVLfaklbbpH5yoq"]],[1,37.5,637.5,0]],[6,0,["type"],-595],[6,0,["_type"],-596]]],175]],[1,0,{},1,[2,"b66QQLZjVLfaklbbpH5yoq",null,null,-600,[3,"abDnMaY0BHj6h3zG6QurWC",null,[[4,["_lpos"],[0,["b66QQLZjVLfaklbbpH5yoq"]],[1,112.5,637.5,0]],[6,0,["type"],-598],[6,0,["_type"],-599]]],176]],[1,0,{},1,[2,"b66QQLZjVLfaklbbpH5yoq",null,null,-603,[3,"1bQFKds8ZCO6OHZxONDexp",null,[[4,["_lpos"],[0,["b66QQLZjVLfaklbbpH5yoq"]],[1,187.5,637.5,0]],[6,0,["type"],-601],[6,0,["_type"],-602]]],177]],[1,0,{},1,[2,"b66QQLZjVLfaklbbpH5yoq",null,null,-606,[3,"13UheUTyFPtKsJo0fhyiX+",null,[[4,["_lpos"],[0,["b66QQLZjVLfaklbbpH5yoq"]],[1,262.5,637.5,0]],[6,0,["type"],-604],[6,0,["_type"],-605]]],178]],[1,0,{},1,[2,"b66QQLZjVLfaklbbpH5yoq",null,null,-609,[3,"66bgSlYuZEHKu9lR5CZ12n",null,[[4,["_lpos"],[0,["b66QQLZjVLfaklbbpH5yoq"]],[1,337.5,637.5,0]],[6,0,["type"],-607],[6,0,["_type"],-608]]],179]],[21,"Spawner",false,33554432,2,[[15,-610],[51,-611,[52,"波次：1",35,35],181]],[1,-324.947,533.466,0]],[22,"Label",512,33554432,3,[[12,-612,[5,100,40]],[53,"重新开始",20,20,1,false,-613,[4,4278190080]]]],[56,"Game",[2],[50,null,null,"2b41a881-1464-4d74-8a50-cb4f2d3e2c64",null,null,[5,6,7,8,9,10,11,12,13,14,15,16,17,18,19,20,21,22,23,24,25,26,27,28,29,30,31,32,33,35,36,37,38,40,42,44,45,47,49,51,52,53,54,55,56,58,59,61,62,63,64,65,66,67,68,70,72,74,75,76,77,78,79,80,81,82,83,84,85,86,87,88,89,90,91,92,93,94,95,96,97,98,99,100,101,102,103,104,105,106,107,108,109,110,111,112,113,114,115,116,117,118,119,120,121,122,123,124,125,126,127,128,129,130,131,132,133,134,135,136,137,138,139,140,141,142,143,144,145,146,147,148,149,150,151,152,153,154,155,156,157,158,159,160,161,162,163,164,165,166,167,168,169,170,171,172,173,174,175,176,177,178,179,180,181,182,183,184,185,186,187,188,189,190,191,192,193,194,195,196]],[57,[58,[2,0,0,0,0.520833125],[2,0,0,0,0]],[59,[4,4283190348],[0,512,512]],[60],[61],[62],[63,false],[64],[65]]],[28,"Camera",33554432,2,[4],[1,0,0,1000]],[0,["b66QQLZjVLfaklbbpH5yoq"]],[0,["05qok3RCFHjoYhCv3IysyH"]],[0,["b66QQLZjVLfaklbbpH5yoq"]],[0,["05qok3RCFHjoYhCv3IysyH"]],[0,["b66QQLZjVLfaklbbpH5yoq"]],[0,["05qok3RCFHjoYhCv3IysyH"]],[0,["b66QQLZjVLfaklbbpH5yoq"]],[0,["05qok3RCFHjoYhCv3IysyH"]],[0,["b66QQLZjVLfaklbbpH5yoq"]],[0,["05qok3RCFHjoYhCv3IysyH"]],[0,["b66QQLZjVLfaklbbpH5yoq"]],[0,["05qok3RCFHjoYhCv3IysyH"]],[0,["b66QQLZjVLfaklbbpH5yoq"]],[0,["05qok3RCFHjoYhCv3IysyH"]],[0,["b66QQLZjVLfaklbbpH5yoq"]],[0,["05qok3RCFHjoYhCv3IysyH"]],[0,["b66QQLZjVLfaklbbpH5yoq"]],[0,["05qok3RCFHjoYhCv3IysyH"]],[0,["b66QQLZjVLfaklbbpH5yoq"]],[0,["05qok3RCFHjoYhCv3IysyH"]],[0,["b66QQLZjVLfaklbbpH5yoq"]],[0,["05qok3RCFHjoYhCv3IysyH"]],[0,["b66QQLZjVLfaklbbpH5yoq"]],[0,["05qok3RCFHjoYhCv3IysyH"]],[0,["b66QQLZjVLfaklbbpH5yoq"]],[0,["05qok3RCFHjoYhCv3IysyH"]],[0,["b66QQLZjVLfaklbbpH5yoq"]],[0,["05qok3RCFHjoYhCv3IysyH"]],[0,["b66QQLZjVLfaklbbpH5yoq"]],[0,["05qok3RCFHjoYhCv3IysyH"]],[0,["b66QQLZjVLfaklbbpH5yoq"]],[0,["05qok3RCFHjoYhCv3IysyH"]],[0,["b66QQLZjVLfaklbbpH5yoq"]],[0,["05qok3RCFHjoYhCv3IysyH"]],[0,["b66QQLZjVLfaklbbpH5yoq"]],[0,["05qok3RCFHjoYhCv3IysyH"]],[0,["b66QQLZjVLfaklbbpH5yoq"]],[0,["05qok3RCFHjoYhCv3IysyH"]],[0,["b66QQLZjVLfaklbbpH5yoq"]],[0,["05qok3RCFHjoYhCv3IysyH"]],[0,["b66QQLZjVLfaklbbpH5yoq"]],[0,["05qok3RCFHjoYhCv3IysyH"]],[0,["b66QQLZjVLfaklbbpH5yoq"]],[0,["b66QQLZjVLfaklbbpH5yoq"]],[0,["b66QQLZjVLfaklbbpH5yoq"]],[0,["b66QQLZjVLfaklbbpH5yoq"]],[0,["b66QQLZjVLfaklbbpH5yoq"]],[0,["b66QQLZjVLfaklbbpH5yoq"]],[0,["b66QQLZjVLfaklbbpH5yoq"]],[0,["b66QQLZjVLfaklbbpH5yoq"]],[0,["b66QQLZjVLfaklbbpH5yoq"]],[0,["b66QQLZjVLfaklbbpH5yoq"]],[0,["b66QQLZjVLfaklbbpH5yoq"]],[0,["b66QQLZjVLfaklbbpH5yoq"]],[0,["b66QQLZjVLfaklbbpH5yoq"]],[0,["b66QQLZjVLfaklbbpH5yoq"]],[0,["b66QQLZjVLfaklbbpH5yoq"]],[0,["b66QQLZjVLfaklbbpH5yoq"]],[0,["b66QQLZjVLfaklbbpH5yoq"]],[0,["b66QQLZjVLfaklbbpH5yoq"]],[0,["b66QQLZjVLfaklbbpH5yoq"]],[0,["b66QQLZjVLfaklbbpH5yoq"]],[0,["b66QQLZjVLfaklbbpH5yoq"]],[0,["b66QQLZjVLfaklbbpH5yoq"]],[0,["b66QQLZjVLfaklbbpH5yoq"]],[0,["b66QQLZjVLfaklbbpH5yoq"]],[0,["b66QQLZjVLfaklbbpH5yoq"]],[0,["b66QQLZjVLfaklbbpH5yoq"]],[0,["b66QQLZjVLfaklbbpH5yoq"]],[0,["b66QQLZjVLfaklbbpH5yoq"]],[0,["b66QQLZjVLfaklbbpH5yoq"]],[0,["05qok3RCFHjoYhCv3IysyH"]],[0,["b66QQLZjVLfaklbbpH5yoq"]],[0,["b66QQLZjVLfaklbbpH5yoq"]],[0,["b66QQLZjVLfaklbbpH5yoq"]],[0,["05qok3RCFHjoYhCv3IysyH"]],[0,["05qok3RCFHjoYhCv3IysyH"]],[0,["05qok3RCFHjoYhCv3IysyH"]],[0,["05qok3RCFHjoYhCv3IysyH"]],[0,["05qok3RCFHjoYhCv3IysyH"]],[0,["05qok3RCFHjoYhCv3IysyH"]],[0,["05qok3RCFHjoYhCv3IysyH"]],[0,["05qok3RCFHjoYhCv3IysyH"]],[0,["05qok3RCFHjoYhCv3IysyH"]],[0,["05qok3RCFHjoYhCv3IysyH"]],[0,["05qok3RCFHjoYhCv3IysyH"]],[0,["05qok3RCFHjoYhCv3IysyH"]],[0,["05qok3RCFHjoYhCv3IysyH"]],[0,["05qok3RCFHjoYhCv3IysyH"]],[0,["05qok3RCFHjoYhCv3IysyH"]],[0,["05qok3RCFHjoYhCv3IysyH"]],[0,["05qok3RCFHjoYhCv3IysyH"]],[0,["05qok3RCFHjoYhCv3IysyH"]],[0,["05qok3RCFHjoYhCv3IysyH"]],[0,["05qok3RCFHjoYhCv3IysyH"]]],0,[0,3,1,0,3,1,0,-1,5,0,-2,6,0,-3,7,0,-4,8,0,-5,9,0,-6,10,0,-7,11,0,-8,12,0,-9,13,0,-10,14,0,-11,15,0,-12,16,0,-13,17,0,-14,18,0,-15,19,0,-16,20,0,-17,21,0,-18,22,0,-19,23,0,-20,24,0,-21,25,0,-22,26,0,-23,27,0,-24,28,0,-25,29,0,-26,30,0,-27,31,0,-28,32,0,-29,33,0,-30,35,0,-31,36,0,-32,37,0,-33,38,0,-34,40,0,-35,42,0,-36,44,0,-37,45,0,-38,47,0,-39,49,0,-40,51,0,-41,52,0,-42,53,0,-43,54,0,-44,55,0,-45,56,0,-46,58,0,-47,59,0,-48,61,0,-49,62,0,-50,63,0,-51,64,0,-52,65,0,-53,66,0,-54,67,0,-55,68,0,-56,70,0,-57,72,0,-58,74,0,-59,75,0,-60,76,0,-61,77,0,-62,78,0,-63,79,0,-64,80,0,-65,81,0,-66,82,0,-67,83,0,-68,84,0,-69,85,0,-70,86,0,-71,87,0,-72,88,0,-73,89,0,-74,90,0,-75,91,0,-76,92,0,-77,93,0,-78,94,0,-79,95,0,-80,96,0,-81,97,0,-82,98,0,-83,99,0,-84,100,0,-85,101,0,-86,102,0,-87,103,0,-88,104,0,-89,105,0,-90,106,0,-91,107,0,-92,108,0,-93,109,0,-94,110,0,-95,111,0,-96,112,0,-97,113,0,-98,114,0,-99,115,0,-100,116,0,-101,117,0,-102,118,0,-103,119,0,-104,120,0,-105,121,0,-106,122,0,-107,123,0,-108,124,0,-109,125,0,-110,126,0,-111,127,0,-112,128,0,-113,129,0,-114,130,0,-115,131,0,-116,132,0,-117,133,0,-118,134,0,-119,135,0,-120,136,0,-121,137,0,-122,138,0,-123,139,0,-124,140,0,-125,141,0,-126,142,0,-127,143,0,-128,144,0,-129,145,0,-130,146,0,-131,147,0,-132,148,0,-133,149,0,-134,150,0,-135,151,0,-136,152,0,-137,153,0,-138,154,0,-139,155,0,-140,156,0,-141,157,0,-142,158,0,-143,159,0,-144,160,0,-145,161,0,-146,162,0,-147,163,0,-148,164,0,-149,165,0,-150,166,0,-151,167,0,-152,168,0,-153,169,0,-154,170,0,-155,171,0,-156,172,0,-157,173,0,-158,174,0,-159,175,0,-160,176,0,-161,177,0,-162,178,0,-163,179,0,-164,180,0,-165,181,0,-166,182,0,-167,183,0,-168,184,0,-169,185,0,-170,186,0,-171,187,0,-172,188,0,-173,189,0,-174,190,0,-175,191,0,-176,192,0,-177,193,0,-178,194,0,-179,195,0,-180,196,0,3,2,0,10,4,0,3,2,0,3,2,0,11,4,0,3,2,0,12,3,0,3,2,0,13,2,0,3,2,0,3,2,0,3,2,0,3,2,0,-1,200,0,-3,197,0,-4,3,0,3,3,0,3,3,0,14,3,0,3,3,0,-1,198,0,0,201,0,0,202,0,0,202,0,0,201,0,1,5,0,0,203,0,0,204,0,0,204,0,0,203,0,1,6,0,0,205,0,0,206,0,0,206,0,0,205,0,1,7,0,0,207,0,0,208,0,0,208,0,0,207,0,1,8,0,0,209,0,0,210,0,0,210,0,0,209,0,1,9,0,0,211,0,0,212,0,0,212,0,0,211,0,1,10,0,0,213,0,0,214,0,0,214,0,0,213,0,1,11,0,0,215,0,0,216,0,0,216,0,0,215,0,1,12,0,0,217,0,0,218,0,0,218,0,0,217,0,1,13,0,0,219,0,0,220,0,0,220,0,0,219,0,1,14,0,0,221,0,0,222,0,0,222,0,0,221,0,1,15,0,0,223,0,0,224,0,0,224,0,0,223,0,1,16,0,0,225,0,0,226,0,0,226,0,0,225,0,1,17,0,0,227,0,0,228,0,0,228,0,0,227,0,1,18,0,0,229,0,0,230,0,0,230,0,0,229,0,1,19,0,0,231,0,0,232,0,0,232,0,0,231,0,1,20,0,0,233,0,0,234,0,0,234,0,0,233,0,1,21,0,0,235,0,0,236,0,0,236,0,0,235,0,1,22,0,0,237,0,0,238,0,0,238,0,0,237,0,1,23,0,0,239,0,0,240,0,0,240,0,0,239,0,1,24,0,1,25,0,1,26,0,1,27,0,1,28,0,1,29,0,1,30,0,1,31,0,1,32,0,0,34,0,0,34,0,0,34,0,1,33,0,0,241,0,0,242,0,0,242,0,0,241,0,1,35,0,1,36,0,0,243,0,0,243,0,1,37,0,0,39,0,0,39,0,0,39,0,1,38,0,0,41,0,0,41,0,0,41,0,1,40,0,0,43,0,0,43,0,0,43,0,1,42,0,1,44,0,0,46,0,0,46,0,0,46,0,1,45,0,0,48,0,0,48,0,0,48,0,1,47,0,0,50,0,0,50,0,0,50,0,1,49,0,1,51,0,1,52,0,0,244,0,0,244,0,1,53,0,1,54,0,1,55,0,0,57,0,0,57,0,0,57,0,1,56,0,1,58,0,0,60,0,0,60,0,0,60,0,1,59,0,1,61,0,1,62,0,1,63,0,1,64,0,0,245,0,0,245,0,1,65,0,1,66,0,1,67,0,0,69,0,0,69,0,0,69,0,1,68,0,0,71,0,0,71,0,0,71,0,1,70,0,0,73,0,0,73,0,0,73,0,1,72,0,1,74,0,1,75,0,1,76,0,1,77,0,0,246,0,0,246,0,1,78,0,1,79,0,1,80,0,1,81,0,1,82,0,1,83,0,1,84,0,1,85,0,1,86,0,1,87,0,0,247,0,0,247,0,1,88,0,0,248,0,0,248,0,1,89,0,1,90,0,0,249,0,0,249,0,1,91,0,0,250,0,0,250,0,1,92,0,0,251,0,0,251,0,1,93,0,0,252,0,0,252,0,1,94,0,0,253,0,0,253,0,1,95,0,1,96,0,1,97,0,1,98,0,0,254,0,0,254,0,1,99,0,0,255,0,0,255,0,1,100,0,0,256,0,0,256,0,1,101,0,1,102,0,1,103,0,1,104,0,0,257,0,0,257,0,1,105,0,1,106,0,1,107,0,1,108,0,1,109,0,1,110,0,1,111,0,1,112,0,1,113,0,1,114,0,0,258,0,0,258,0,1,115,0,1,116,0,1,117,0,1,118,0,1,119,0,0,259,0,0,259,0,1,120,0,0,260,0,0,260,0,1,121,0,0,261,0,0,261,0,1,122,0,0,262,0,0,262,0,1,123,0,1,124,0,0,263,0,0,263,0,1,125,0,1,126,0,1,127,0,1,128,0,1,129,0,0,264,0,0,264,0,1,130,0,1,131,0,1,132,0,0,265,0,0,265,0,1,133,0,1,134,0,0,266,0,0,266,0,1,135,0,1,136,0,1,137,0,1,138,0,1,139,0,0,267,0,0,267,0,1,140,0,1,141,0,1,142,0,0,268,0,0,268,0,1,143,0,0,269,0,0,269,0,1,144,0,0,270,0,0,270,0,1,145,0,1,146,0,0,271,0,0,272,0,0,271,0,0,272,0,1,147,0,0,273,0,0,273,0,1,148,0,0,274,0,0,274,0,1,149,0,0,275,0,0,275,0,1,150,0,1,151,0,1,152,0,1,153,0,1,154,0,1,155,0,1,156,0,1,157,0,1,158,0,1,159,0,1,160,0,1,161,0,1,162,0,1,163,0,1,164,0,1,165,0,1,166,0,1,167,0,1,168,0,1,169,0,1,170,0,1,171,0,1,172,0,1,173,0,1,174,0,1,175,0,1,176,0,0,276,0,0,276,0,1,177,0,0,277,0,0,277,0,1,178,0,0,278,0,0,278,0,1,179,0,0,279,0,0,279,0,1,180,0,0,280,0,0,280,0,1,181,0,0,281,0,0,281,0,1,182,0,0,282,0,0,282,0,1,183,0,0,283,0,0,283,0,1,184,0,0,284,0,0,284,0,1,185,0,0,285,0,0,285,0,1,186,0,0,286,0,0,286,0,1,187,0,0,287,0,0,287,0,1,188,0,0,288,0,0,288,0,1,189,0,0,289,0,0,289,0,1,190,0,0,290,0,0,290,0,1,191,0,0,291,0,0,291,0,1,192,0,0,292,0,0,292,0,1,193,0,0,293,0,0,293,0,1,194,0,0,294,0,0,294,0,1,195,0,0,295,0,0,295,0,1,196,0,3,197,0,3,197,0,3,198,0,3,198,0,15,199,1,7,2,2,7,199,4,3,200,613],[0,0,0,0,0,0,0,0,0,0,0,0,0,0,0,0,0,0,0,0,0,0,0,0,0,0,0,0,0,0,0,0,0,0,0,0,0,0,0,0,0,0,0,0,0,0,0,0,0,0,0,0,0,0,0,0,0,0,0,0,0,0,0,0,0,0,0,0,0,0,0,0,0,0,0,0,0,0,0,0,0,0,0,0,0,0,0,0,0,0,0,0,0,0,0,0,0,0,0,0,0,0,0,0,0,0,0,0,0,0,0,0,0,0,0,0,0,0,0,0,0,0,0,0,0,0,0,0,0,0,0,0,0,0,0,0,0,0,0,0,0,0,0,0,0,0,0,0,0,0,0,0,0,0,0,0,0,0,0,0,0,0,0,0,0,0,0,0,0,0,0,0,0,0,0,0,0,0,0,0,0,0,0,0,0,0,0,0,0,0],[2,2,2,2,2,2,2,2,2,2,2,2,2,2,2,2,2,2,2,2,2,2,2,2,2,2,2,2,2,2,2,2,2,2,2,2,2,2,2,2,2,2,2,2,2,2,2,2,2,2,2,2,2,2,2,2,2,2,2,2,2,2,2,2,2,2,2,2,2,2,2,2,2,2,2,2,2,2,2,2,2,2,2,2,2,2,2,2,2,2,2,2,2,2,2,2,2,2,2,2,2,2,2,2,2,2,2,2,2,2,2,2,2,2,2,2,2,2,2,2,2,2,2,2,2,2,2,2,2,2,2,2,2,2,2,2,2,2,2,2,2,2,2,2,2,2,2,2,2,2,2,2,2,2,2,2,2,2,2,2,2,2,2,2,2,2,2,2,2,2,2,2,2,2,2,2,2,2,2,2,16,8,5,17,18,19,20,9,9,8],[0,0,0,0,0,0,0,0,0,0,0,0,0,0,0,0,0,0,0,0,0,0,0,0,0,0,0,0,0,0,0,0,0,0,0,0,0,0,0,0,0,0,0,0,0,0,0,0,0,0,0,0,0,0,0,0,0,0,0,0,0,0,0,0,0,0,0,0,0,0,0,0,0,0,0,0,0,0,0,0,0,0,0,0,0,0,0,0,0,0,0,0,0,0,0,0,0,0,0,0,0,0,0,0,0,0,0,0,0,0,0,0,0,0,0,0,0,0,0,0,0,0,0,0,0,0,0,0,0,0,0,0,0,0,0,0,0,0,0,0,0,0,0,0,0,0,0,0,0,0,0,0,0,0,0,0,0,0,0,0,0,0,0,0,0,0,0,0,0,0,0,0,0,0,0,0,0,0,0,0,0,2,1,1,1,6,7,3,3,2]],[[{"name":"grass","rect":{"x":0,"y":0,"width":2048,"height":2048},"offset":{"x":0,"y":0},"originalSize":{"width":2048,"height":2048},"rotated":false,"capInsets":[0,0,0,0],"vertices":{"rawPosition":[-1024,-1024,0,1024,-1024,0,-1024,1024,0,1024,1024,0],"indexes":[0,1,2,2,1,3],"uv":[0,2048,2048,2048,0,0,2048,0],"nuv":[0,0,1,0,0,1,1,1],"minPos":{"x":-1024,"y":-1024,"z":0},"maxPos":{"x":1024,"y":1024,"z":0}},"packable":true,"pixelsToUnit":100,"pivot":{"x":0.5,"y":0.5},"meshType":0}],[1],0,[0],[4],[8]],[[{"name":"default_btn_pressed","rect":{"x":0,"y":0,"width":40,"height":40},"offset":{"x":0,"y":0},"originalSize":{"width":40,"height":40},"rotated":false,"capInsets":[12,12,12,12],"vertices":{"rawPosition":[-20,-20,0,20,-20,0,-20,20,0,20,20,0],"indexes":[0,1,2,2,1,3],"uv":[0,40,40,40,0,0,40,0],"nuv":[0,0,1,0,0,1,1,1],"minPos":{"x":-20,"y":-20,"z":0},"maxPos":{"x":20,"y":20,"z":0}},"packable":true,"pixelsToUnit":100,"pivot":{"x":0.5,"y":0.5},"meshType":0}],[1],0,[0],[4],[9]],[[{"name":"monster","rect":{"x":0,"y":0,"width":1280,"height":1280},"offset":{"x":0,"y":0},"originalSize":{"width":1280,"height":1280},"rotated":false,"capInsets":[0,0,0,0],"vertices":{"rawPosition":[-640,-640,0,640,-640,0,-640,640,0,640,640,0],"indexes":[0,1,2,2,1,3],"uv":[0,1280,1280,1280,0,0,1280,0],"nuv":[0,0,1,0,0,1,1,1],"minPos":{"x":-640,"y":-640,"z":0},"maxPos":{"x":640,"y":640,"z":0}},"packable":true,"pixelsToUnit":100,"pivot":{"x":0.5,"y":0.5},"meshType":0}],[1],0,[0],[4],[10]],[[[11,"Bullet"],[23,"Bullet",33554432,[[10,-2,[8,"bbY2yVVRFDsKqzmAZ7a/4V"],[5,20,20]],[16,0,-3,[8,"07yiaCEglG2o9aqyOk1Hoq"],0],[66,-4,[8,"f6SpMnc4ZFR7Mt1e7w/LkN"]]],[9,"c6eQIY6+BHSK+MHtjEK2lc",null,null,null,-1,0],[1,1.3969999999999914,0,0]]],0,[0,1,1,0,3,1,0,3,1,0,3,1,0,6,1,4],[0],[5],[11]],[[[11,"Tile"],[24,"Tile",33554432,[-5],[[10,-2,[8,"c0KQOJgrBM1pvndRcq3K8H"],[5,75,75]],[45,1,0,-3,[8,"ebiyf59nxCX7dEyG6FmAf/"],1],[67,0,-4,[8,"05qok3RCFHjoYhCv3IysyH"],2,3,4]],[9,"b66QQLZjVLfaklbbpH5yoq",null,null,null,-1,0],[1,43.48,667,1000]],[25,"Border",1048576,1,[[10,-6,[8,"a2rA1AS5ZMfadyvetUIwwp"],[5,73,73]],[13,0,-7,[8,"5f4LRIdw9IvJ23T6l2+bPD"],[4,0],0]],[9,"4dlc8sIfJIz4zBMIWRHwc8",null,null,null,1,0]]],0,[0,1,1,0,3,1,0,3,1,0,3,1,0,-1,2,0,3,2,0,3,2,0,6,1,7],[0,0,0,0,0],[5,5,21,22,23],[1,4,12,13,4]],[[[11,"Enemy"],[29,"Enemy",33554432,[-8],[[[10,-2,[8,"61CRkyHNBGlosCNPZhUyXX"],[5,60,60]],-3,[68,-7,[8,"9fRMtJtkJA/KODSJO5nEPw"],-6,-5,-4]],4,1,4],[9,"84ZhH+hMRK/4t3VvW5CO/Q",null,null,null,-1,0]],[26,"HealthBar_Bg",33554432,1,[-11,-12],[[10,-9,[8,"29nCxVw/hG+YSSNCJMk1EC"],[5,60,10]],[13,0,-10,[8,"d0JxKcwGNJq6piuAKRu2FP"],[4,4278453376],1]],[9,"6dV0hSlm9AlKwTaWJMXoiu",null,null,null,1,0],[1,0,39.66999999999996,0]],[14,"HealthBar_Fill",33554432,2,[[32,-13,[8,"d8I5CLnnxEAYiAaJAzuZuo"],[5,58,8],[0,0,0.5]],[13,0,-14,[8,"f7bro3rLdGCa+vV7k2FXG9"],[4,4278767104],0]],[9,"3fRK7zJBBJnYv15l3zpFkF",null,null,null,1,0],[1,-29,0,0]],[30,"HP_Label",33554432,2,[[[10,-15,[8,"beaZcqDXFEBrXQ1KuIE/0x"],[5,20.681640625,54.4]],-16],4,1],[9,"7cWT6YMd9DD4/6jFwjzyLR",null,null,null,1,0]],[54,"3/3",16,16,true,4,[8,"4586wq61RHcrnveWkO2RdQ"]],[46,0,1,[8,"eeKNH4fOlBCpr6onxZbRR0"]]],0,[0,1,1,0,3,1,0,-2,6,0,24,6,0,25,5,0,26,3,0,3,1,0,-1,2,0,3,2,0,3,2,0,-1,3,0,-2,4,0,3,3,0,3,3,0,3,4,0,-2,5,0,6,1,16],[0,0,6],[5,5,5],[1,1,14]],[[{"name":"default_btn_disabled","rect":{"x":0,"y":0,"width":40,"height":40},"offset":{"x":0,"y":0},"originalSize":{"width":40,"height":40},"rotated":false,"capInsets":[12,12,12,12],"vertices":{"rawPosition":[-20,-20,0,20,-20,0,-20,20,0,20,20,0],"indexes":[0,1,2,2,1,3],"uv":[0,40,40,40,0,0,40,0],"nuv":[0,0,1,0,0,1,1,1],"minPos":{"x":-20,"y":-20,"z":0},"maxPos":{"x":20,"y":20,"z":0}},"packable":true,"pixelsToUnit":100,"pivot":{"x":0.5,"y":0.5},"meshType":0}],[1],0,[0],[4],[15]],[[{"name":"bullet","rect":{"x":0,"y":0,"width":2048,"height":2048},"offset":{"x":0,"y":0},"originalSize":{"width":2048,"height":2048},"rotated":false,"capInsets":[0,0,384,378],"vertices":{"rawPosition":[-1024,-1024,0,1024,-1024,0,-1024,1024,0,1024,1024,0],"indexes":[0,1,2,2,1,3],"uv":[0,2048,2048,2048,0,0,2048,0],"nuv":[0,0,1,0,0,1,1,1],"minPos":{"x":-1024,"y":-1024,"z":0},"maxPos":{"x":1024,"y":1024,"z":0}},"packable":true,"pixelsToUnit":100,"pivot":{"x":0.5,"y":0.5},"meshType":0}],[1],0,[0],[4],[16]],[[{"name":"dirt","rect":{"x":0,"y":0,"width":1230,"height":1230},"offset":{"x":0,"y":0},"originalSize":{"width":1230,"height":1230},"rotated":false,"capInsets":[0,0,0,0],"vertices":{"rawPosition":[-615,-615,0,615,-615,0,-615,615,0,615,615,0],"indexes":[0,1,2,2,1,3],"uv":[0,1230,1230,1230,0,0,1230,0],"nuv":[0,0,1,0,0,1,1,1],"minPos":{"x":-615,"y":-615,"z":0},"maxPos":{"x":615,"y":615,"z":0}},"packable":true,"pixelsToUnit":100,"pivot":{"x":0.5,"y":0.5},"meshType":0}],[1],0,[0],[4],[17]],[[[11,"Tower"],[27,"Tower",33554432,[-6,-7],[[33,-2,[8,"57Xo1gLLpPBKWEq3exY4Ro"],[0,0.4,0.3]],[16,0,-3,[8,"9e3eb0fltBDbJi1OZf+Oin"],0],[69,-5,[8,"6411zTUyFBDJqL4VYsZhyV"],-4,1]],[9,"98iOCMkX5NkasfPS7XZjYu",null,null,null,-1,0],[1,0.5,0.6,1]],[31,"Label",33554432,1,[[[10,-8,[8,"cfAO7anBVA25g1BshitHFI"],[5,120,50.4]],-9],4,1],[9,"65QYFMDOtGYIZEJ9tYQm8w",null,null,null,1,0],[1,1.082,79.437,0]],[14,"FirePoint",33554432,1,[[34,-10,[8,"10dwpUdMRAvYx7JhXLJGL0"]]],[9,"86vhyDgLhIL74oglZARycv",null,null,null,1,0],[1,37.322,24.512,0]],[55,20,20,3,false,2,[8,"86mILgDUZKxITzgmQbvUmc"]]],0,[0,1,1,0,3,1,0,3,1,0,27,4,0,3,1,0,-1,3,0,-2,2,0,3,2,0,-2,4,0,3,3,0,6,1,10],[0,0],[5,28],[18,19]],[[{"name":"rock","rect":{"x":0,"y":0,"width":2048,"height":2048},"offset":{"x":0,"y":0},"originalSize":{"width":2048,"height":2048},"rotated":false,"capInsets":[0,0,0,0],"vertices":{"rawPosition":[-1024,-1024,0,1024,-1024,0,-1024,1024,0,1024,1024,0],"indexes":[0,1,2,2,1,3],"uv":[0,2048,2048,2048,0,0,2048,0],"nuv":[0,0,1,0,0,1,1,1],"minPos":{"x":-1024,"y":-1024,"z":0},"maxPos":{"x":1024,"y":1024,"z":0}},"packable":true,"pixelsToUnit":100,"pivot":{"x":0.5,"y":0.5},"meshType":0}],[1],0,[0],[4],[20]]]]
