[1,["04JD6+3o9Nar/MkpXbHxLi@6c48a"],["_textureSource"],["cc.SpriteFrame"],0,[{"name":"enemy_elite","rect":{"x":26,"y":62,"width":970,"height":907},"offset":{"x":-1,"y":-3.5},"originalSize":{"width":1024,"height":1024},"rotated":false,"capInsets":[0,0,0,0],"vertices":{"rawPosition":[-485,-453.5,0,485,-453.5,0,-485,453.5,0,485,453.5,0],"indexes":[0,1,2,2,1,3],"uv":[26,962,996,962,26,55,996,55],"nuv":[0.025390625,0.0537109375,0.97265625,0.0537109375,0.025390625,0.939453125,0.97265625,0.939453125],"minPos":{"x":-485,"y":-453.5,"z":0},"maxPos":{"x":485,"y":453.5,"z":0}},"packable":true,"pixelsToUnit":100,"pivot":{"x":0.5,"y":0.5},"meshType":0}],[0],0,[0],[0],[0]]
