[1,["43rZuWcfJEJZAGA+KJTPCN@6c48a"],["_textureSource"],["cc.SpriteFrame"],0,[{"name":"tower_fs","rect":{"x":242,"y":190,"width":1491,"height":1685},"offset":{"x":-36.5,"y":-8.5},"originalSize":{"width":2048,"height":2048},"rotated":false,"capInsets":[0,0,0,0],"vertices":{"rawPosition":[-745.5,-842.5,0,745.5,-842.5,0,-745.5,842.5,0,745.5,842.5,0],"indexes":[0,1,2,2,1,3],"uv":[242,1858,1733,1858,242,173,1733,173],"nuv":[0.1181640625,0.08447265625,0.84619140625,0.08447265625,0.1181640625,0.9072265625,0.84619140625,0.9072265625],"minPos":{"x":-745.5,"y":-842.5,"z":0},"maxPos":{"x":745.5,"y":842.5,"z":0}},"packable":true,"pixelsToUnit":100,"pivot":{"x":0.5,"y":0.5},"meshType":0}],[0],0,[0],[0],[0]]
