[1,["8662FgqhJMooHglbLbSzoX@6c48a"],["_textureSource"],["cc.SpriteFrame"],0,[{"name":"enemy_boss","rect":{"x":34,"y":44,"width":945,"height":930},"offset":{"x":-5.5,"y":3},"originalSize":{"width":1024,"height":1024},"rotated":false,"capInsets":[0,0,0,0],"vertices":{"rawPosition":[-472.5,-465,0,472.5,-465,0,-472.5,465,0,472.5,465,0],"indexes":[0,1,2,2,1,3],"uv":[34,980,979,980,34,50,979,50],"nuv":[0.033203125,0.048828125,0.9560546875,0.048828125,0.033203125,0.95703125,0.9560546875,0.95703125],"minPos":{"x":-472.5,"y":-465,"z":0},"maxPos":{"x":472.5,"y":465,"z":0}},"packable":true,"pixelsToUnit":100,"pivot":{"x":0.5,"y":0.5},"meshType":0}],[0],0,[0],[0],[0]]
